,KH154StBS1C,KH154StBS1S,KH154StBS3C,KH154StBS3S,KH154StBS5C,KH154StBS5S,KH154StOK1bC,KH154StOK1bS,KH154StOK1C,KH154StOK1S,KH154StOK2C,KH154StOK2S,KH154StOK3C,KH154StOK3S,KH154StOK4C,KH154StOK4S,KH154StOK6C,KH154StOK6S,KH154StTE1C,KH154StTE1S,KH154StTE3C,KH154StTE3S,KH154StTE4C,KH154StTE4S,KH154StTK1C,KH154StTK1S,KH154StTK3S,KH154StTK6C,KH154StTK6S,KH154StTS1S,KH154StTS2C,KH154StTS2S,KH154StTS3C,KH154StTS3S,KH154StTS4C,KH154StTS4S,KH154StTS5C,KH154StTS5S,KH154StTS7C,KH154StTS7S,Or1Cr1124Stk101C,Or1Cr1124Stk101S,Or1Cr1124Stk102C,Or1Cr1124Stk102S,Or1Cr1124Stk103C,Or1Cr1124Stk103S,Or1Cr1124Stk104C,Or1Cr1124Stk104S,Or1Cr1124Stk105C,Or1Cr1124Stk105S,Or1Cr1124Stk106C,Or1Cr1124Stk106S,Or1Cr1124Stk107C,Or1Cr1124Stk107S,Or1Cr1124Stk108C,Or1Cr1124Stk108S,Or1Cr1124Stk311C,Or1Cr1124Stk311S
AGCTCCAATAGCGTATATTAAAGTTGTTGCGGTTAAAAAGCTCGTAGTTGGATTTCTGCCGAGGACGACCGGTCCGCCCTCTGGGTGAGTATCTGGCTCGGCCTGGGCATCTTCTTGGAGAACGTAGCTGCACTTGACTGTGTGGTGCGGTATCCAGGACTTTTACTTTGAGGAAATTAGAGTGTTTCAAGCAGGCACACGCCTTGAATACATTAGCATGGAATAATAAGATAGGACCTCGGTTCTATTTTGTTGGTTTCTAGAGCTGAGGTAATGATTAATAGGGATAGTTGGGGGCATTCGTATTTAACTGTCAGAGGTGAAATTCTTGGATTTGTTAAAGACGGACTACTGCGAAAGCATTTGCCAAGGATGTTTTCA,36,53,46,35,47,31,61,47,22,0,26,37,84,0,97,0,75,93,40,45,66,59,44,84,49,47,65,0,52,54,36,31,32,31,42,61,32,41,48,61,46,45,38,20,59,67,61,43,39,55,104,45,15,10,46,26,59,29
AGCTCCAATAGCGTATATTTAAGTGTTTGCGGTTAAAAAGCTCGTAGTTGGATTTCTGCCGAGGACGACCGGTCCGCCCTCTGGGTGAGTATCTGGCTCGGCCTGGGCATCTTCTTGGAGAACGTAGCTGCACTTGACTGTGTGGTGCGGTATCCAGGACTTTTACTTTGAGGAAATTAGAGTGTTTCAAGCAGGCACACGCCTTGAATACATTAGCATGGAATAATAAGATAGGACCTCGGTTCTATTTTGTTGGTTTCTAGAGCTGAGGTAATGATTAATAGGGATAGTTGGGGGCATTCGTATTTAACTGTCAGAGGTGAAATTCTTGGATTTGTTAAAGACGGACTACTGCGAAAGCATTTGCCAAGGATGTTTTCA,0,0,0,0,0,0,0,0,0,0,0,0,0,0,0,0,0,0,0,0,0,0,0,0,0,0,0,0,0,0,0,0,7,0,0,0,0,0,0,0,0,0,0,0,0,0,0,0,0,0,0,0,0,0,0,0,0,0
AGCTCCAATAGCGTATATTAAAGTTGTTGCGGTTAAAAAGCTCGTAGTTGGATTTCTGCCGAGGACGACCGGTCCGCCCTCTGGGTGAGTATCTGGCTCGGCCTGGGCATCTTCTTGGGGAACGTAGCTGCACTTGACTGTGTGGTGCGGTATCCAGGACTTTTACTTTGAGGAAATTAGAGTGTTTCAAGCAGGCACACGCCTTGAATACATTAGCATGGAATAATAAGATAGGACCTCGGTTCTATTTTGTTGGTTTCTAGAGCTGAGGTAATGATTAATAGGGATAGTTGGGGGCATTCGTATTTAACTGTCAGAGGTGAAATTCTTGGATTTGTTAAAGACGGACTACTGCGAAAGCATTTGCCAAGGATGTTTTCA,0,0,0,0,0,0,0,0,0,0,0,0,0,0,0,0,0,0,0,0,0,0,0,0,0,0,0,0,0,0,0,0,0,0,0,0,0,0,0,0,0,8,0,0,0,0,0,0,0,0,0,0,0,0,0,0,0,0
AGCTCCAATAGCGTATATTAAAGTTGTTGCGGTTAAAAAGCTCGTAGTTGGATTTCTGCCGAGGACGACCGGTCCGCCCTCTGGGTGAGTATCTGGCTCGGCCTGGGCATCTTCTTGGAGAACGTATCTGCACTTGACTGTGTGGTGCGGTATCCAGGACTTTTACTTTGAGGAAATTAGAGTGTTTCAAGCAGGCACACGCCTTGAATACATTAGCATGGAATAATAAGATAGGACCTCGGTTCTATTTTGTTGGTTTCTAGAGCTGAGGTAATGATTAATAGGGATAGTTGGGGGCATTCGTATTTAACTGTCAGAGGTGAAATTCTTGGATTTGTTAAAGACGGACTACTGCGAAAGCATTTGCCAAGGATGTTTTCA,0,0,0,0,0,0,0,0,0,0,0,0,0,0,0,0,0,0,0,0,0,0,0,0,0,0,0,0,0,0,0,0,0,0,0,0,0,0,0,0,0,0,0,0,0,0,0,0,0,0,0,0,0,0,0,8,0,0
AGCTCCAATAGCGTATATTAAAGTTGTTGCGGTTAAAAAGCTCGTAGTTGGATTTCTGCCGAGGACGACCGGTCCGCCCTCTGGGTGAGTATCTGGCTCGGCCTGGGCATCTTCTTGGAGAACGTAACTGCACTTGGCTGTGTGGTGCGGTATTCAGGACTTTTACTTTGAGGAAATTAGAGTGTTTCAAGCAGGCACACGCCTTGAATACATTAGCATGGAATAATAAGATAGGACCTCGGTTCTATTTTGTTGGTTTCTAGATCTGAGGTAATGATTAATAGGGATAGTTGGGGGCATTCGTATTTAACTGTCAGAGGTGAAATTCTTGGATTTGTTAAAGACGGACTACTGCGAAAGCATTTGCCAAGGATGTTTTCA,0,0,0,0,0,0,0,0,0,0,0,0,0,0,0,0,0,0,0,0,0,0,4,0,0,0,0,0,0,0,0,0,0,0,0,0,0,0,0,0,0,0,0,0,0,0,0,0,0,0,0,0,0,0,0,0,0,0
AGCTCCAATAGCGTATATTAAAGTTGTTGCGGTTAAAAAGCTCGTAGTTGGATTTCTGCCGAGGACGACCGGTCCGCCCTCTGGGTGAGTATCTGGCTCGGCCTGGGCATCTTCTTGGAGAACGTAACTGCACTTGGCTGTGTGGTGCGGTATTCAGGACTTTTACTTTGAGGAAATTAGAGTGTTTCAAGCAGGCACACGCCTTGAATACATTAGCATGGAATAATAAGATAGGACCTCGGTTCTATTTTGTTGGTTTCTAGAGCTGAGGTAATGATTAATAGGGATAGTTGGGGGCATTCGTATTTAACTGTCAGAGGTGAAATTCTTGGATTTGTTAAAGACGGACTACTGCGAAAGCATTTGCCAAGGATGTTTTCA,0,0,0,0,0,0,0,0,0,0,0,0,0,0,0,0,0,0,0,0,0,0,0,0,0,0,2,0,0,0,0,0,0,0,0,0,0,0,0,0,0,0,0,0,0,0,0,0,0,0,0,0,5,0,0,0,6,0
AGCTCCAATAGCGTATATTAAAGTTGTTGCGGTTAAAAAGCTCGTAGTTGGATTTCTGCCGAGGACGACCGGTCCGCCCTCCGGGTGAGTATCTGGCTCGGCCTGGGCATCTTCTTGGAGAACGTAGCTGCACTTGGCTGTGTGGTGCGGTATTCAGGACTTTTACTTTGAGGAAATTAGAGTGTTTCAAGCAGGCATACGCCTTGAATACATTAGCATGGAATAATAAGATAGGACCTCGGTTCTATTTTGTTGGTTTCTAGATCTGAGGTAATGATTAATAGGGATAGTTGGGGGCATTCGTATTTAACTGTCAGAGGTGAAATTCTTGGATTTGTTAAAGACGGACTACTGCGAAAGCATTTGCCAAGGATGTTTTCA,0,9,13,0,0,2,0,25,0,0,0,0,0,0,0,0,0,0,0,0,0,0,0,0,0,0,0,0,0,24,0,28,14,35,0,21,0,0,0,5,40,0,0,0,0,0,31,0,7,0,0,0,0,0,7,0,0,0
AGCTCCAATAGCGTATATTAAAGTTGTTGCGGTTAAAAAGCTCGTAGTTGGATTTCTGCCGAGGACGACCGGTCCGCCCTCCGGGTGAGTATCTGGCTCGGCCTGGGCATCTTCTTGGAGAACGTAGCTGCACTTGGCTGTGTGGTGCGGTATTCAGGACTTTTACTTTGAGGAAATTAGAGTGTTTCAAGCAGGCATACGCCTTGAATACATTAGCATGGAATAATAAGATAGGACCTCGGTTCTATTTTGTTGGTTTCTAGAGCTGAGGTAATGATTAATAGGGATAGTTGGGGGCATTCGTATTTAACTGTCAGAGGTGAAATTCTTGGATTTGTTAAAGACGGACTACTGCGAAAGCATTTGCCAAGGATGTTTTCA,0,2,1,4,2,1,4,0,0,0,0,0,0,45,0,44,2,0,0,0,4,0,4,0,3,0,2,12,5,2,6,1,2,0,0,1,5,0,2,1,0,3,0,1,0,0,1,0,1,0,0,0,0,0,0,0,0,0
AGCTCCAATAGCGTATATTAAAGTTGTTGCGGTTAAAAAGCTCGTAGTTGGATTTCTGCCGAGGACGACCGGTCCGCCCTCTGGGTGAGCATCTGGCTCGGCCTGGGCATCTTCTTGGAGAACGTATCTGCACTTGACTGTGTGGTGCGGTATTCAGGACTTTTACTTTGAGGAAATTAGAGTGTTTCAAGCAGGCACACGCCTTGAATACATTAGCATGGAATAATAAGATAGGACCTCGGTTCTATTTTGTTGGTTTCTAGATCTGAGGTAATGATTAATAGGGATAGTTGGGGGCATTCGTATTTAACTGTCAGAGGTGAAATTCTTGGATTTGTTAAAGACGGACTACTGCGAAAGCATTTGCCAAGGATGTTTTCA,0,0,0,0,0,0,0,0,0,0,0,0,0,0,0,0,0,0,0,0,0,0,4,0,0,0,0,0,0,0,0,0,0,0,0,0,0,0,0,0,0,0,0,0,0,0,0,0,0,0,0,0,0,0,0,0,0,0
AGCTCCAATAGCGTATATTAAAGTTGTTGCGGTTAAAAAGCTCGTAGTTGGATTTCTGCCGAGGACGACCGGTCCGCCCTCTGGGTGAGCATCTGGCTCGGCCTGGGCATCTTCTTCGAGAACGTAACTGCACTTGACTGTGTGGTGCGGTATCGAGGACTTTTACTTTGAGGAAATTAGAGTGTTTCAAGCAGGCATACGCCTTGAATACATTAGCATGGAATAATAAGATAGGACCTCGGTTCTATTTTGTTGGTTTCTAGAGCTGAGGTAATGATTAATAGGGATAGTTGGGGGCATTCGTATTTAACTGTCAGAGGTGAAATTCTTGGATTTGTTAAAGACGGACTACTGCGAAAGCATTTGCCAAGGATGTTTTCA,0,0,0,0,0,0,0,0,0,0,0,0,0,0,0,0,0,0,0,0,0,0,0,0.5,0,0,0,0,0,0,0,0,0,0,0,0,0,0,0,0,0,0,0,0,0,0,0,0,0,0,0,0,0,0,0,0,0,2
AGCTCCAATAGCGTATATTAAAGTTGTTGCGGTTAAAAAGCTCGTAGTTGGATTTCTGCCGAGGACGACCGGTCCGCCCTCTGGGTGAGCATCTGGCTCGGCCTGGGCATCTTCTTCGAGAACGTAGCTGCACTTGACTGTGTGGTGCGGTATCGAGGACTTTTACTTTGAGGAAATTAGAGTGTTTCAAGCAGGCATACGCCTTGAATACATTAGCATGGAATAATAAGATAGGACCTCGGTTCTATTTTGTTGGTTTCTAGAGCTGAGGTAATGATTAATAGGGATAGTTGGGGGCATTCGTATTTAACTGTCAGAGGTGAAATTCTTGGATTTGTTAAAGACGGACTACTGCGAAAGCATTTGCCAAGGATGTTTTCA,0,0,0,0,0,0,0,0,0,0,0,0,0,0,0,0,0,0,0,0,0,0,0,0,0,0,2,0,0,0,0,0,0,0,0,0,0,0,0,0,0,0,0,0,0,0,0,0,0,0,0,0,0,0,0,0,0,0
AGCTCCAATAGCGTATATTAAAGTTGTTGCGGTTAAAAAGCTCGTAGTTGGATTTCTGCCGAGGACGACCGGTCCGCCCTCCGGGTGAGCATCTGGCTCGGCCTGGGCATCTTCTTGGAGAACGTATCTGCACTTGACTGTGTGGTGCGGTATCCAGGACTTTTACTTTGAGGAAATTAGAGTGTTTCAAGCAGGCATATGCCTTGAATACATTAGCATGGAATAATAAGATAGGACCTCGGTTCTATTTTGTTGGTTTCTAGAGCTGAGGTAATGATTAATAGGGATAGTTGGGGGCATTCGTATTTAACTGTCAGAGGTGAAATTCTTGGATTTGTTAAAGACGGACTACTGCGAAAGCATTTGCCAAGGATGTTTTCA,0,0,0,0,0,0,0,0,0,0,0,0,0,0,0,0,0,0,0,0,0,0,0,0,0,0,0,0,0,0,0,0,0,0,0,0,9,0,0,0,0,0,0,0,0,0,0,0,0,0,0,0,0,0,0,0,0,0
AGCTCCAATAGCGTATATTAAAGTTGTTGCGGTTAAAAAGCTCGTAGTTGGATTTCTGCCGAGGACGACCGGTCCGCCCTCTGGGTGAGTATCTGGCTCGGCCTGGGCATCTTCTTGGAGAACGTAACTGCACTTGACTGTGTGGTGCGGTATCCAGGACTTTTACTTTGAGGAAATTAGAGTGTTTCAAGCAGGCACACGCCTTGAATACATTAGCATGGAATAATAATATAGGACCTCGGTTCTATTTTGTTGGTTTCTAGAGCTGAGGTAATGATTAATAGGGATAGTTGGGGGCATTCGTATTTAACTGTCAGAGGTGAAATTCTTGGATTTGTTAAAGACGGACTACTGCGAAAGCATTTGCCAAGGATGTTTTCA,0,0,0,0,0,0,0,0,0,0,0,0,0,0,0,0,0,0,0,0,0,0,0,0,0,0,0,0,0,0,0,0,0,0,0,0,0,0,0,0,0,15,0,8,0,0,0,0,0,0,0,0,0,0,0,0,0,0
AGCTCCAATAGCGTATATTAAAGTTGTTGCAGTTAAAAAGCTCGTAGTTGGATTTCTGCCGAGGACGACCGGTCCGCCCTCTGGGTGAGTATCTGGCTCGGCCTGGGCATCTTCTTGGAGAACGTAACTGCACTTGACTGTGTGGTGCGGTATCCAGGACTTTTACTTTGAGGAAATTTGAGTGTTTCAAGCAGGCACACGCCTTGAAAACATTAGCATGGAATAATAAGATAGGACCTCGGTTCTATTTTGTTGGTTTCTAGAGCTGAGGTAATGATTAATAGGGATAGTTGGGGGCATTCGTATTTAACTGTCAGAGGTGAAATTCTTGGATTTGTTAAAGATGGACTACTGCGAAAGCATTTGCCAAGGATGTTTTCA,0,0,0,0,0,0,0,0,0,0,0,16,0,0,0,0,0,0,0,0,0,8,0,0,0,0,0,0,0,0,0,0,0,0,0,0,0,0,0,0,0,0,0,0,0,0,0,0,0,0,0,0,0,8,0,0,0,3
AGCTCCAATAGCGTATATTAAAGTTGTTGCGGTTAAAAAGCTCGTAGTTGGATTTCTGCCGAGGACGACCGGTCCGCCCTCTGGGTGAGTATCTGGCTCGGCCTGGGCATCCTCTTGGAGAACGTAACTGCACTTGACTGTGTGGTGCGGTATCTAAGACTTTTACTTTGAGGAAATTAGAGTGTTTCAAGCAGGCACACGCCTTGAATACATTAGCATGGAATAATAAGATAGGACCTCGGTTCTATTTTGTTGGTTTCTAGAGCTGAGGTAATGATTAATAGGGATAGTTGGGGGCATTCGTATTTAACTGTCAGAGGTGAAATTCTTGGATTTGTTAAAGACGGACTACTGCGAAAGCATTTGCCAAGGATGTTTTCA,0,0,0,0,0,0,0,0,0,0,0,0,1,0,0,0,0,0,0,0,0,0,3,0,0,0,0,0,0,0,0,0,0,0,0,0,0,0,0,0,0,0,0,0,0,0,0,0,0,0,0,0,0,0,0,0,0,0
AGCTCCAATAGCGTATATTAAAGTTGTTGCGGTTAAAAAGCTCGTAGTTGGATTTCTGCCGAGGACGACCGGTCCGCCCTCTGGGTGAGTATCTGGCTCGGCCTGGGCATCCTCTTGGAGAACGTAACTGCACTTGACTGTGTGGTGCGGTATCCAGGACTTTTACTTTGAGGAAATTAGAGTGTTTCAAGCAGGCACACGCCTTGAATACATTAGCATGGAATAATAAGATAGGACCTCGGTTCTATTTTGTTGGTTTCTAGAGCTGAGGTAATGATTAATAGGGATAGTTGGGGGCATTCGTATTTAACTGTCAGAGGTGAAATTCTTGGATTTGTTAAAGACGGACTACTGCGAAAGCATTTGCCAAGGATGTTTTCA,0,0,0,0,0,0,0,0,0,0,0,0,0,0,0,0,0,0,0,0,0,0,3,0,0,0,0,0,0,0,0,0,0,0,0,0,0,0,0,0,0,0,0,0,0,0,0,0,0,0,0,0,0,0,0,0,0,0
AGCTCCAATAGCGTATATTAAAGTTGTTGCGGTTAAAAAGCTCGTAGTTGGATTTCTGCCGAGGACGACCGGTCCGCCCACTGGGTGAGTATCTGGCTCGGCCTGGGCATCTTCTTGGAGAACGTAACTGCACTTGACTGTGTGGTGCGGTATCCAGGACTTTTACTTTGAGGAAATTAGAGTGTTTCAAGCAGGCACACGCCTTGAATACATTAGCATGGAATAATAAGATAGGACCTCGGTTCTATTTTGTTGGTTTCTAGAGCTGAGGTAATGATTAATAGGGATAGTTGGGGGCATTCGTATTTAACTGTCAGAGGTGAAATTCTTGGATTTGTTAAAGACGGACTACTGCGAAAGCATTTGCCAAGGATGTTTTCA,0,0,0,0,0,0,0,0,0,0,0,0,0,0,0,0,0,0,0,0,6,0,1,0,0,0,0,0,0,0,0,0,0,0,0,0,0,0,0,0,0,0,0,0,0,16,0,0,0,0,0,0,0,0,0,0,4,0
AGCTCCAATAGCGTATATTAAAGTTGTTGCGGTTAAAAAGCTCGTAGTTGGATTTCTGCCGAGGACGACCGGTCCGCCCTCTGGGTGAGTATCTGGCTCGGCCTTTGCATCTTCTTGGAGAACGTAGCTGCACTTGACTGTGTGGTGCGGTATCCAGGACTTTTACTTTGAGGAAATTAGAGTGTTTCAAGCAGGCACACGCCTTGAATACATTAGCATGGAATAATAAGATAGGACCTCGGTTCTATTTTGTTGGTTTCTAGAGCTGAGGTAATGATTAATAGGGATAGTTGGGGGCATTCGTATTTAACTGTCAGAGGTGAAATTCTTGGATTTGTTAAAGACGGACTACTGCGAAAGCATTTGCCAAGGATGTTTTCA,0,0,0,0,0,0,0,0,0,0,0,0,0,0,0,0,0,10,0,0,0,0,0,0,3,4,8,0,0,0,0,0,0,0,0,0,0,4,0,0,0,0,0,0,0,0,0,0,0,0,0,0,0,0,0,0,5,0
AGCTCCAATAGCGTATATTAAAGTTGTTGCGGTTAAAAAGCTCGTAGTTGGATTTCTGCCGAGGACGACCGGTCCGCCCTCTGGGTGAGTATCTGGTTCGGCCTGGGCATCTTCTTGGAGAACGTATCTGCACTTGACTGTGTGGTGCGGTATCCAGGACTTTTACTTTGAGGAAATTAGAGTGTTTCAAGCAGGCACACGCCTTGAATACATTAGCATGGAATAATAAGATAGGACCTTGGTTCTATTTTGTTGGTTTCTAGAGCTGAGGTAATGATTAATAGGGATAGTTGGGGGCATTCGTATTTAACTGTCAGAGGTGAAATTCTTGGATTTGTTAAAGACGGACTACTGCGAAAGCATTTGCCAAGGATGTTTTCA,0,13,7,6,0,0,10,0,0,0,0,0,0,0,0,0,0,0,25,0,0,0,8,0,0,0,0,0,15,7,38,23,0,14,2,0,0,0,0,0,0,0,7,0,11,0,0,0,0,0,19,0,0,0,2,0,9,0
AGCTCCAATAGCGTATATTAAAGTTGTTGCAGTTAAAAAGCTCGTAGTTGGAGTTCAGAGTGAGCTCAGCCGGTCCGCCTCATGGGTGAGTACTGGTCGACTCTCTCTTGTTTGTGGATCCCGCCCGGAGTTAATTCTTCGGGATGTGGAGTTCACATCGTTTACCTTGAAAAAATTAGAGTGTTCAAAGCAGGCGTTTGCTTGAATATATTAGCATGGAATAATGGAATAGGACCCTGGTTCTATTTTGTTGGTTTTGAGAACCAGAGTAATGATTAATAGGGATAGTTGGGGGCATTCATATTTCATTGTCAGAGGTGAAATTCTTGGATTTATGAAAGATGAACTTCTGCGAAAGCATTTGCCAAGGATGTTTTCA,0,0,0,0,0,0,0,0,0,0,0,0,0,0,0,0,0,0,0,0,0,0,0,0,0,0,0,0,0,0,0,0,0,0,0,0,0,0,0,0,0,2,0,0,0,0,0,0,0,0,0,0,0,0,0,0,0,0
AGCTCCAATAGCGTATATTAAAGTTGTTGCAGTTAAAAAGCTCGTAGTTGGAGTTCAGAGTGAGCTCAGCCGGTCGGCCTCATGGGTCAGAACTGGTCGACTCTCTCTTGTTTGTGGATCCCGTCCGGAGTTAACTCTTCGGAATGTGGAGTTCACATCGTTTACCTTGAAAAAATTAGAGTGTTCAAAGCAGGCGTTTGCTTGAATATATTAGCATGGAATAATGGAATAGGACCCTGGTTCTATTTTGTTGGTTTTGAGGACCAGAGTAATGATTAATAGGGATAGTTGGGGGCATTCATATTTCATTGTCAGAGGTGAAATTCTTGGATTTATGAAAGATGAACTTCTGCGAAAGCATTTGCCAAGGATGTTTTCA,0,0,0,1,0,0,0,0,0,0,0,0,0,0,0,0,0,0,0,0,0,0,0,0,0,0,0,0,6,5,0,0,0,0,0,0,0,0,0,0,0,0,0,0,2,0,0,0,0,0,0,0,0,0,0,0,0,0
AGCTCCAATAGCGTATATTAAAGTTGTTGCAGTTAAAAAGCTCGTAGTTGGAGTTCAGGGTGAGCTCAGCTGGTCGGCCTCATGGGTCAGAACTGGTCGACTCTCCCTTGTTTGTGGATCCCGCCCGGCGTTAACTCTTCGGGATGTGGAGTTCACATCGTTTACCTTGAAAAAATTAGAGTGTTCAAAGCAGGCGTTTGCTTGAATATATTAGCATGGAATAATGGAATAGGACCCTGGTTCTATTTTGTTGGTTTTGAGAACCAGAGTAATGATTAATAGGGATAGTTGGGGGCATTCATATTTCATTGTCAGAGGTGAAATTCTTGGATTTATGAAAGATGAACTTCTGCGAAAGCATTTGCCAAGGATGTTTTCA,0,0,0,0,0,0,0,0,0,0,0,0,0,0,0,0,0,0,0,0,0,0,0,0,0,0,0,0,0,0,0,0,0,0,0,0,0,0,0,0,0,0,0,0,0,0,0,0,0,0,0,0,0,0,0,0,3,0
AGCTCCAATAGCGTATATTAAAGTTGTTGCAGTTAAAAAGCTCGTAGTTGGAGTTCGGGGAAAGCTCAGTCGGTCGGCCTAATGGGTCAGAACTGGCTGACTCTCTCTTGTTTGCGGATCCCTCCCGGAGTTAACTCTTCAGGTTGTGGAGTCCGCATCGTTTACCTTGAAAAAATTAGAGTGTTCAAAGCAGGCGTTTGCTTGAATATATTAGCATGGAATAATGGAATAGGACCCTGGTTCTATTTTGTTGGTTTTGAGAGCCAGAGTAATGATTAATAGGGATAGTTGGGGGCATTCATATTTCATTGTCAGAGGTGAAATTCTTGGATTTATGAAAGATGAACTTCTGCGAAAGCATTTGCCAAGGATGTTTTCA,0,0,0,0,0,0,0,0,0,0,0,0,0,0,0,0,0,0,0,6,0,0,0,0,0,0,0,0,0,0,0,0,0,0,0,0,0,0,0,0,0,0,0,0,0,0,0,0,0,0,0,0,0,0,0,0,0,0
AGCTCCAATAGCGTATATTAAGTTGTTGCAGTTAAAAAGCTCGTAGTTGGATTTTGGGGCGGGGTGAACGGTCGGCCTATTGGTATGTACTGTTTGCTACGTCCTTCCTTCTGGGGACCTTCTCTGCTCTTGAATGAGTGGTGAATGGGACGCAGATCATTTACTTTGAAAAAATTAGAGTGTTCAAAGCAGGCATTTGCTCTGAATACATTAGCATGGAATAATGGAATAGGACTTTGGTTCTATTTTGTTGGTTTCTAGGACCGAAGTAATGATTAATAGGGTTGGTTGGGGGCGTTCGTATTGCGTTGTCAGAGGTGAAATTCTTGGATTTGCGCAAGACGAACTTCTGCGAAAGCATCCGCCAAGGACGTTTTCA,0,0,0,0,0,0,0,0,0,0,0,0,0,0,0,0,0,0,0,0,0,0,0,0,0,0,0,0,0,0,0,0,0,0,3,0,0,0,0,0,0,0,0,0,0,0,0,0,0,0,0,0,0,0,0,0,0,0
AGCTCCAATAGCGTATATTAAAGTTGTTGCAGTTAAAAAGCTCGTAGTTGGATTTTGGGGCGGGGTGAACGGTCGGCCTATTGGTATGTACTGTTTGCTACGTCCTTCCTTCTGGGGACCTTCTCTGCTCTTGAATGAGTGGGGTGTGGGACGCAGATCTTTTACTTTGAAAAAATTAGAGTGTTCAAAGCAGGCATTTGCTCTGAATACATTAGCATGGAATAATGGAATAGGACTCTGGTTCTATTTTGTTGGTTTCTAGGACCGAAGTAATGATTAATAGGGATGGTTGGGGGCGTTCGTATTGCGTTGTCAGAGGTGAAATTCTTGGATTTGCGCAAGACGAACTTCTGCGAAAGCATCTGCCAAGGACGTTTTCA,0,0,0,0,0,0,0,0,0,0,0,0,0,0,0,0,0,0,0,2,0,0,0,0,0,0,0,0,0,0,0,0,0,0,0,0,0,0,0,0,0,0,0,0,0,0,0,0,0,0,0,0,0,0,0,0,0,0
AGCTCCAATAGCGTATATTAAAGTTGTTGCAGTTAAAAAGCTCGTAGTTGGATTTTGGGGTGAGATCACTGGTCTGCCGCAATGGTGTGTACTGTGTTGATCCTGCTCTTCCTTCTGTGGACGGCGTCGGTTCTTAATTGGCTGGCGTTCGGACCAGATCGTTTACTTTGAAAAAATCAGAGTGTTCGAAGCAGGCCAATGCTTGAATACATTAGCATGGAATAATGGAATAGGACTTTGGGCCTATTTTGTTGGTTTCTAGACCCGAGGTAATGATTAATAGGGATAGTTGGGGGCGTTCGTATTGCGATGTCAGAGGTGAAATTCTTGGATTTTCGCAAGACGAACATCTGCGAAAGCATTCGTCAAGGATGTTTTCA,0,0,0,0,0,0,0,0,0,0,0,0,1,0,0,0,0,0,0,0,0,0,0,0,0,0,0,0,0,0,0,0,0,0,0,0,0,0,0,0,0,0,0,0,0,0,0,0,0,0,0,0,0,0,0,0,0,0
AGCTCCAATAGCGTATATTAAAGTTGTTGCAGTTAAAAAGCTCGTAGTCGGATTTTGGCATCACGCCGCACTGTCTGCCGATTGGTAAGTACGGTTTGGCGGTTGCTTCCTTCCGGTGCTTCGTTCTGCTCTTAATTGAGCGGTTCGTTAGTTCCGGTTCTTTTACTTTGAGAAAATTAGAGTGTTCAAAGCAGGCCTATGCTCTGAATAGGTTAGCATGGAATAATAGAATAGGACTTTGGTTCTATTTTGTTGGTTTCTAGGACCGAAGTAATGATTAATAGGGACAGTTGGGGGCATTCATATTCCATTGTCAGAGGTGAAATTCTTGGATTAACGGAAGATGAACTTCTGCGAAAGCATCTGCCAAGGATGTTTTCA,0,0,0,5,4,2,0,7,0,0,0,0,0,0,0,0,0,2,0,0,0,0,0,0,6,4,4,0,0,4,0,6,0,2,0,2,0,5,0,2,9,5,2,0,0,0,0,0,0,0,0,0,0,0,0,0,0,0
AGCTCCAATAGCGTATATTAAAGTTGTTGCAGTTAAAAAGCTCGTAGTCGGATTTTGGCATCACGCCGCACTGTCTGCCGATTGGTAAGTACGGTTTGGCGGTTGCTTCCTTCCGGTGCTTCGTTCTGCTCTTAATTGAGCGGTTCGTTTGTTCCGGTTCTTTTACTTTGAGAAAATTAGAGTGTTCAAAGCAGGCCTATGCTCTGAATAGGTTAGCATGGAATAATAGAATAGGACTTTGGTTCTATTTTGTTGGTTTCTAGGACCGAAGTAATGATTAATAGGGACAGTTGGGGGCATTCATATTCCATTGTCAGAGGTGAAATTCTTGGATTAACGGAAGATGAACTTCTGCGAAAGCATCTGCCAAGGATGTTTTCA,0,3,3,0,0,0,0,0,0,0,3,0,0,24,0,0,0,0,0,0,0,0,0,0,0,0,0,0,0,0,0,0,3,0,0,0,0,0,0,0,0,0,0,0,0,0,0,0,0,0,0,0,0,0,0,0,0,0
AGCTCCAATAGCGTATATTAAAGTTGTTGCAGTTAAAAAGCTCGTAGTCGGATTTTGGCATCACGCCACACTGTCTGCCGATTGGTAAGTACGGTTTGGCGGTTGCTTCCTTCCGGTGCTGTATGCTGCTCTTAATTGAGCGGTATGCTAGTTCCGGTTCATTTACTTTGAGAAAATTAGAGTGTTCAAAGCAGGCCTATGCTCTGAATAGGTTAGCATGGAATAATAGAATAGGACTTTGGTTCTATTTTGTTGGTTTCTAGGACCGAAGTAATGATTAATAGGGACAGTTGGGGGCATTCATATTCCATTGTCAGAGGTGAAATTCTTGGATTAACGGAAGATGAACTTCTGCGAAAGCATCTGCCAAGGATGTTTTCA,0,0,0,0,0,0,0,0,0,0,0,0,0,0,0,0,0,0,0,4,0,0,0,0,0,0,0,0,0,0,0,0,0,0,0,0,0,0,0,0,0,0,0,0,0,0,0,0,0,0,0,0,0,0,0,0,0,0
AGCTCCAATAGCGTATGTTAAAGTTGTTGCAGTTAAAAAGCTCGTAGTCGGATTTTGGCATCACGCCGCACTGCCTGCCGATTGGTAAGTACGGTTTGGCGGTTGCTTCCTTCCGGTGCTGTATGCTGCTCTTAATTGAGCGGTATGCTAGTTCCGGTTCATTTACTTTGAGAAAATTAGAGTGTTCAAAGCAGGCCTATGCTCTGAATAGGTTAGCATGGAATAATAGAATAGGACTTTGGTTCTATTTTGTTGGTTTCTAGGACCGAAGTAATGATTAATAGGGACAGTTGGGGGCATTCATATTCCATTGTCAGAGGTGAAATTCTTGGATTAACGGAAGATGAACTTCTGCGAAAGCATCTGCCAAGGATGTTTTCA,0,0,0,0,0,0,0,0,0,0,0,0,0,0,0,0,0,0,0,0,0,0,0,0,0,0,0,0,0,0,0,0,0,0,3,0,0,0,0,0,0,0,0,0,0,0,0,0,0,0,0,0,0,0,0,0,0,0
AGCTCCAATAGCGTATATTAAAGTTGTTGCAGTTAAAAAGCTCGTAGTCGGATTTTGGCATCACGCCGCACTGTCTGCCGATTGGTAAGTACGGTTTGGCGGTTGCTTCCTTCCGGTGCTGTATGCTGCTCTTAATTGAGCGGTATGCTAGTTCCGGTTCATTTACTTTGAGAAAATTAGAGTGTTCAAAGCAGGCCTATGCTCTGAATAGGTTAGCATGGAATAATAGAATAGGACTTTGGTTCTATTTTGTTGGTTTCTAGGACCGAAGTAATGATTAATAGGGACAGTTGGGGGCATTCATATTCCATTGTCAGAGGTGAAATTCTTGGATTAACGGAAGATGAACTTCTGCGAAAGCATCTGCCAAGGATGTTTTCA,0,2,1,0,0,0,0,0,0,0,0,6,0,0,0,7,2,2,0,0,0,12,0,2,9,5,2,0,6,0,0,1,0,0,0,0,2,5,0,6,2,14,0,10,0,5,0,12,0,6,0,3,0,7,0,5,0,5
AGCTCCAATAGCGTATATTAAAGTTGTTGCAGTTAAAAAGCTCGTAGTCGGATTTTGGCATCACGCCGCACTGTCTGCCAATTGGTAAGTACGGTTTGGCGGTTGCTTCCTTCCGGTGCTGTATGCTGCTCTTAATTGAGCGGTATGCTAGTTCCGGTTCATTTACTTTGAGAAAATTAGAGTGTTCAAAGCAGGCCTATGCTCTGAATAGGTTAGCATGGAATAATAGAATAGGACTTTGGTTCTATTTTGTTGGTTTCTAGGACCGAAGTAATGATTAATAGGGACAGTTGGGGGCATTCATATTCCATTGTCAGAGGTGAAATTCTTGGATTAACGGAAGATGAACTTCTGCGAAAGCATCTGCCAAGGATGTTTTCA,3,0,0,0,0,0,0,0,0,0,0,0,0,0,0,0,0,0,0,0,0,0,0,0,0,0,0,0,0,0,0,0,0,0,0,0,0,0,0,0,0,0,0,0,0,0,0,0,0,0,0,0,0,0,0,0,0,0
AGCTCCAATAGCGTATATTAAAGTTGTTGCAGTTAAAAAGCTCGTAGTCGGATTTTGGCATCATGCCGAACTGTCAGCCGATTGGTTTGTACGGTTTGGCGGGTGCTCTCCTTCCGGAGGCTCGTTTCCTTCTTCATTGAAGGGTTCGATGGTTCCGGGTCTTTTACTTTGAAAAAATTAGAGTGTTCAAAGCAGGCCTATGCTCTGAATAGGTTAGCATGGAATAATAGAATAGGACTTTGGTTCTATTTTGTTGGTTTCTAGGACCGAAGTAATGATTAATAGGGACAGTTGGGGGCATTCATATTCCAATGTCAGAGGTGAAATTCTTGGATTATCGGAAGATGAACTTCTGCGAAAGCATCTGCCAAGGATGTTTTCA,5,7,5,18,4,11,6,9,0,0,0,0,7,0,6,0,0,5,5,9,0,0,2,0,12,5,4,8,5,17,4,2,6,6,0,4,2,7,13,10,0,0,6,4,7,1,7,0,0,1,10,2,0,0,0,1,6,5
AGCTCCAATAGCGTATATTAAAGTTGTTGCAGTTAAAAAGCTCGTAGTCGGATTTTGGCATCATGCCGAACTGTCAGCCGATTGGTTTGTACGGTTTGGCGGGTGCTCTCCTTCCGGAGGCTCTTTCCCTTCTTCATTGAAGGGTTGGATGGTTCCGGGTCTTTTACTTTGAAAAAATTAGAGTGTTCAAAGCAGGCCTATGCTCTGAATAGGTTAGCATGGAATAATAGAATAGGACTTTGGTTCTATTTTGTTGGTTTCTAGGACCGAAGTAATGATTAATAGGGACAGTTGGGGGCATTCATATTCCAATGTCAGAGGTGAAATTCTTGGATTATCGGAAGATGAACTTCTGCGAAAGCATCTGCCAAGGATGTTTTCA,0,0,0,0,0,0,0,0,0,0,0,0,0,0,0,0,0,0,0,0,0,0,0,0,0,0,0,0,0,0,1,0,0,0,0,0,0,0,0,3,0,0,0,0,0,0,0,0,0,0,0,0,0,0,0,0,0,0
AGCTCCAATAGCGTATATTAAAGTTGTTGCAGTTAAAAAGCTCGTAGTCGGATTTTGGCATCACGCCGAACTGTCAGCCGATTGGTTTGTACGGTTTGGCGGGTGCTCTCCTTCCGGAAGCTCGTTCCCTTCTTAGTTGACGGGTTCGATGGTTCCGGGTCTTTTACTTTGAAAAAATTAGAGTGTTCAAAGCAGGCCTATGCTCTGAATAGGTTAGCATGGAATAATAGAATAGGACTTTGGTTCTATTTTGTTGGTTTCTAGGACCGAAGTAATGATTAATAGGGACAGTTGGGGGCATTCATATTCCAATGTCAGAGGTGAAATTCTTGGATTATCGGAAGATGAACTTCTGCGAAAGCATCTGCCAAGGATGTTTTCA,0,5,1,6,2,3,0,3,0,0,4,0,4,0,4,13,0,4,1,4,0,7,2,1.5,6,4,4,0,2,0,2,4,5,4,3,2,0,2,0,3,0,3,0,1,3,4,0,4,0,1,3,5,0,0,1,4,0,7
AGCTCCAATAGCGTATATTAAAGTTGTTGCAGTTAAAAAGCTCGTAGTCGGATTTTGGCATCACGCCGAACTATCAGCCGATTGGTTTGTACGGTTTGGCGGGTGCTCTCCTTCCGGAAGCTCGTTCCCTTCTTAGTTGACGGGTTCGATGGTTCCGGGTCTTTTACTTTGAAAAAATTAGAGTGTTCAAAGCAGGCCTATGCTCTGAATAGGTTAGCATGGAATAATAGAATAGGACTTTGGTTCTATTTTGTTGGTTTCTAGGACCGAAGTAATGATTAATAGGGACAGTTGGGGGCATTCATATTCCAATGTCAGAGGTGAAATTCTTGGATTATCGGAAGATGAACTTCTGCGAAAGCATCTGCCAAGGATGTTTTCA,0,0,0,0,0,0,0,0,0,0,0,0,0,0,0,0,0,0,0,0,0,0,0,0,0,0,0,0,0,0,0,0,0,0,0,0,3,0,0,0,0,0,0,0,0,0,0,0,0,0,0,0,0,0,0,0,0,0
AGCTCCAATAGCGTATATTAAAGTTGTTGCAGTTAAAAAGCTCGTAGTCGGATTTTGGCATCACGCCGTACTGTCTGCCGATTGGTAAGTACGGTTTGGCGGGTGCTCTCCTTCCGGAGGCTCGTTCCCTTCTTCATTGAAGGGTTCGATGGTTCCGGGTCTTTTACTTTGAAAAAATTAGAGTGTTCAAAGCAGGCCTATGCTCTGAATAGGTTAGCATGGAATAATAGAATAGGACTTTGGTTCTATTTTGTTGGTTTCTAGGACCGAAGTAATGATTAACAGGGACAGTTGGGGGCATTCATATTCCATTGTCAGAGGTGAAATTCTTGGATTAACGGAAGATGAACTTCTGCGAAAGCATCTGCCAAGGATGTTTTCA,0,12,6,19,15,21,11,16,0,8,7,0,50,0,42,0,0,0,7,0,20,0,8,0,10,4,4,0,15,17,12,10,13,11,0,0,5,8,24,8,0,0,11,0,14,0,9,0,0,0,14,0,0,0,11,0,5,0
AGCTCCAATAGCGTATATTAAAGTTGTTGCAGTTAAAAAGCTCGTAGTCGGATTTTGGCATCACGCCGTACTGTCTGCCGATTGGTAAGTACGGTTTGGCGGGTGCTCTCCTTCCGGAGGCTCGTTCCCTTCTTCATTGAAGGGTTCGATGGTTCCGGGTCTTTTACTTTGAAAAAATTAGAGTGTTCAAAGCAGGCCTATGCTCTGAATAGGTTAGCATGGAATAATAGAATAGGACTTTGGTTCTATTTTGTTGGTTTCTAGGACCGAAGTAATGATTAATAGGGACAGTTGGGGGCATTCATATTCCAATGTCAGAGGTGAAATTCTTGGATTATCGGAAGATGAACTTCTGCGAAAGCATCTGCCAAGGATGTTTTCA,0,0,0,0,0,0,0,0,5,0,3,0,0,0,1,0,5,0,0,0,4,0,0,0,0,0,0,0,0,0,0,0,0,0,0,0,0,0,0,0,0,0,0,0,0,0,0,0,0,0,0,0,0,0,0,0,0,0
AGCTCCAATAGCGTATATTAAAGTTGTTGCAGTTAAAAAGCTCGTAGTCGGATTTTGGCATCACGCCGAACTGTCTGCCGATTGGTAAGTACGGTTTGGCGGGTGCTTCCTTCCGGAGGCTCGTTCCCTTCTTCATTGAAGGGTTCGTTGGTTCCGGGTCTTTTACTTTGAGAAAATTAGAGTGTTCAAAGCAGGCCTATGCTCTGAATAGGTTAGCATGGAATAATAGAATAGGACTTTGGTTCTATTTTGTTGGTTTCTAGGACCGAAGTAATGATTAATAGGGACAGTTGGGGGCATTCATATTCCATTGTCAGAGGTGAAATTCTTGGATTAACGGAAGATGAACTTCTGCGAAAGCATCTGCCAAGGATGTTTTCA,0,3,5,12,11,5,0,7,0,0,0,0,5,0,7,0,0,0,7,11,0,0,5,0,1,0,0,0,8,8,10,11,8,11,0,4,3,3,7,0,0,0,6,0,9,0,0,0,0,0,10,0,0,0,0,0,0,0
AGCTCCAATAGCGTATGTTAAAGTTGTTGCAGTTAAAAAGCTCGTAGTCGGATTTTGGCATCACGCCGAACTGTCTGCCGATTGGTAAGTACGGTTTGGCGGGTGCTTCCTTCCGGAGGCTCGTTCCCTTCTTCATTGAAGGGTTCGTTGGTTCCGGGTCTTTTACTTTGAGAAAATTAGAGTGTTCAAAGCAGGCCTATGCTCTGAATAGGTTAGCATGGAATAATAGAATAGGACTTTGGTTCTATTTTGTTGGTTTCTAGGACCGAAGTAATGATTAATAGGGACAGTTGGGGGCATTCATATTCCATTGTCAGAGGTGAAATTCTTGGATTAACGGAAGATGAACTTCTGCGAAAGCATCTGCCAAGGATGTTTTCA,19,0,0,0,0,0,0,0,0,0,0,0,0,0,0,0,0,0,0,0,0,0,0,0,0,0,0,0,0,0,0,0,0,0,0,0,0,0,0,0,0,0,0,0,0,0,0,0,0,0,0,0,0,0,0,0,0,0
AGCTCCAATAGCGTATATTAAAGTTGTTGCAGTTAAAAAGCTCGTAGTCGGATTTTGGCATCACGCCGAACTGTCTGCCGATTGGTAAGCACGGTTTGGCGGGTGCTTCCTTCCGGAGGCTCGTTTCCTTCTTAACTGAAGGGTTCGTTGGTTCCGGTTCTTTTACTTTGAGAAAATTAGAGTGTTCAAAGCAGGCCTATGCTCTGAATAGGTTAGCATGGAATAATAGAATAGGACTTTGGTTCTATTTTGTTGGTTTCTAGGACCGAAGTAATGATTAATAGGGACAGTTGGGGGCATTCATATTCCATTGTCAGAGGTGAAATTCTTGGATTAACGGAAGATGAACTTCTGCGAAAGCATCTGCCAAGGATGTTTTCA,0,0,0,0,0,0,0,0,0,0,0,0,0,0,0,0,0,0,0,0,0,4,0,1,0,0,0,0,0,0,0,0,0,0,0,0,0,0,0,4,0,5,0,4,0,1,0,0,0,0,0,0,0,0,0,0,0,6
AGCTCCAATAGCGTATATTAAAGTTGTTGCAGTTAGAAAGCTCGTAGTCGGATTTTGGCATCACGCCGAACTGTCTGCCGATTGGTAAGCACGGTTTGGCGGGTGCTTCCTTCCGGAGGCTCGTTTCCTTCTTAACTGAAGGGTTCGTTGGTTCCGGTTCTTTTACTTTGAGAAAATTAGAGTGTTCAAAGCAGGCCTATGCTCTGAATAGGTTAGCATGGAATAATAGAATAGGACTTTGGTTCTATTTTGTTGGTTTCTAGGACCGAAGTAATGATTAATAGGGACAGTTGGGGGCATTCATATTCCATTGTCAGAGGTGAAATTCTTGGATTAACGGAAGATGAACTTCTGCGAAAGCATCTGCCAAGGATGTTTTCA,0,0,0,0,0,0,3,0,0,0,0,0,0,0,0,0,0,0,0,0,0,0,0,0,0,0,0,0,0,0,0,0,0,0,0,0,0,0,0,0,0,0,0,0,0,0,0,0,0,0,0,0,0,0,0,0,0,0
AGCTCCAATAGCGTATATTAAAGTTGTTGCAGTTAAAAAGCTCGTAGTCGGATTTTGGCATCACGCCGAACTGTCTGCCGATTGGTAAGTACGGTTTGGCGGGTGCTTCCTTCCGGAGGCTCGTTTCCTTCTTAACTGAAGGGTTCGTTGGTTCCGGTTCTTTTACTTTGAGAAAATTAGAGTGTTCAAAGCAGGCCTATGCTCTGAATAGGTTAGCATGGAATAATAGAATAGGACTTTGGTTCTATTTTGTTGGTTTCTAGGACCGAAGTAATGATTAATAGGGACAGTTGGGGGCATTCATATTCCATTGTCAGAGGTGAAATTCTTGGATTAACGGAAGATGAACTTCTGCGAAAGCATCTGCCAAGGATGTTTTCA,0,0,0,0,0,0,0,0,0,0,0,0,0,0,0,0,0,0,0,0,0,0,0,0,0,0,0,0,0,0,0,0,0,0,0,0,5,0,0,0,0,0,0,0,0,0,0,0,0,0,0,0,0,0,0,0,0,0
AGCTCCAGTAGCGTATATTAAAGTTGTTGCAGTTAAAAAGCTCGTAGTCGGATTTTGGCATCACGCCGAACTGTCTGCCGATTGGTAAGCACGGTTTGGCGGGTGCTTCCTTCCGGAGGCTCGTCCCCTTCTTAACTGAAGGGTTCGTTGGTTCCGGTTCTTTTACTTTGAGAAAATTAGAGTGTTCAAAGCAGGCCTATGCTCTGAATAGGTTAGCATGGAATAATAGAATAGGACTTTGGTTCTATTTTGTTGGTTTCTAGGACCGAAGTAATGATTAATAGGGACAGTTGGGGGCATTCATATTCCATTGTCAGAGGTGAAATTCTTGGATTAACGGAAGATGAACTTCTGCGAAAGCATCTGCCAAGGATGTTTTCA,0,0,0,0,0,0,0,0,0,0,0,0,0,0,0,0,0,0,0,0,0,0,0,0,0,0,0,0,0,0,0,0,0,0,7,0,0,0,0,0,0,0,0,0,0,0,0,0,0,0,0,0,0,0,0,0,0,0
AGCTCCAATAGCGTATATTAAAGTTGTTGCAGTTAAAAAGCTCGTAGTCGGATTTTGGCATCACGCCGAACTGTCTGCCGATTGGTAAGTACGGTTTGGCGGGTGCTTCCTTCCGGAGGCTCGTTCCCTTCTTAACTGAAGGGTTCGTTGGTTCCGGTTCTTTTACTTTGAGAAAATTAGAGTGTTCAAAGCAGGCCTATGCTCTGAATAGGTTAGCATGGAATAATAGAATAGGACTTTGGTTCTATTTTGTTGGTTTCTAGGACCGAAGTAATGATTAATAGGGACAGTTGGGGGCATTCATATTCCATTGTCAGAGGTGAAATTCTTGGATTAACGGAAGATGAACTTCTGCGAAAGCATCTGCCAAGGATGTTTTCA,0,2,0,0,5,2,0,6,0,0,5,0,0,0,6,0,0,0,0,0,0,0,0,0,9,3,11,0,0,4,1,0,0,0,0,0,0,6,0,0,0,5,6,4,0,9,0,17,0,6,0,8,0,0,0,14,0,5
AGCTCCAATAGCGTATATTAAAGTTGTTGCAGTTAAAAAGCTCGTAGTCGGATTTTGGCATCACGCCGAACTGTCTGCCGATTGGTAAGTACGGTTTGGCGGGTGCTTCTTTCTTGAAGCTCGTTCCCTTCTTAACTGAAGGGTTCGTTGGTTCAGGTTCTTTTACTTTGAGAAAATTAGAGTGTTCAAAGCAGGCCTATGCTCTGAATAGGTTAGCATGGAATAATAGAATAGGACTTTGGTTCTATTTTGTTGGTTTCTAGGACCGAAGTAATGATTAATAGGGACAGTTGGGGGCATTCATATTCCATTGTCAGAGGTGAAATTCTTGGATTAACGGAAGATGAACTTCTGCGAAAGCATCTGCCAAGGATGTTTTCA,0,7,5,9,0,5,0,12,0,0,0,0,0,0,0,0,1,2,0,10,0,0,0,1.5,8,8,2,13,7,16,4,9,2,6,5,5,5,5,0,3,8,5,6,8,0,4,0,4,0,3,0,0,0,0,0,5,0,4
AGCTCCAATAGCGTATATTAAAGTTGTTGCAGTTAAAAAGCTCGTAGTCGGATTTTGGCATCACGCCGAACTGTCTGCCGATTGGTAAGTACGGTTTGGCGGTTGCTTCTTTCTTGAAGCTCGTTTCCTTCTTAACTGAAGGGTTCGTTGGTTCAGGTTCTTTTACTTTGAGAAAATTAGAGTGTTCAAAGCAGGCCTATGCTCTGAATAGGTTAGCATGGAATAATAGAATAGGACTTTGGTTCTATTTTGTTGGTTTCTAGGACCGAAGTAATGATTAATAGGGACAGTTGGGGGCATTCATATTCCATTGTCAGAGGTGAAATTCTTGGATTAACGGAAGATGAACTTCTGCGAAAGCATCTGCCAAGGATGTTTTCA,0,0,0,0,5,0,0,0,0,0,0,0,0,0,0,21,0,0,0,0,0,0,0,0,0,0,0,0,0,0,0,0,0,0,0,0,0,0,0,0,0,0,0,0,0,0,0,0,0,0,0,0,0,0,0,0,0,0
AGCTCCAATAGCGTATATTAATGTTGTTGCAGTTAAAAAGCTCGTAGTCGGATTTTTGTGTCATGTCGAACGGTCGGCCTGTTGGTCTGTACTGTTTGACGGGCATATTCCTTCCAGAGGCTCCGTGAGGCCTTCATTGGTTTCGCGGTTGAATCTGGGTCTTTTACTTTGAAAAAATTAGAGTGTTCAAAGCAGGCTTATGCTCGAATAGCTTAGCATGGAATAATAGAATAGGACTTCGGTCTTATTTTGTTGGTTTCTAGGACCGAAGTAATGATTAACAGGGACAGTTGGGGGCATTCATATTCCATTGTCAGAGGTGAAATTCTTGGATTAACGGAAGATGAACTTCTGCGAAAGCATCTGCCAAGGATGTTTTCA,0,0,0,0,0,0,0,0,0,0,0,0,0,0,0,0,0,0,0,0,0,1,0,0,0,0,0,0,0,0,0,0,0,0,0,0,0,0,0,0,0,0,0,0,0,0,0,0,0,0,0,0,0,0,0,0,0,0
AGCTCCAATAGCGTATATTAATGTTGTTGCAGTTAAAAAGCTCGTAGTCGGATTTTTGTGTCATGTTGAACGGTCTGCCATTGGCTTGTACTGTACGACGGGCATATTCCTTCCAGAGGCTCCGTGAGGCCTTCATTGTTCTCGCGGTTGAATCTGGGTCTTTTACTTTGAAAAAATTAGAGTGTTCAAAGCAGGCTTATGCTCGAATAGCTTAGCATGGAATAATAGAATAGGACTTCGGTCTTATTTTGTTGGTTTCTAGGACCGAAGTAATGATTAACAGGGACAGTTGGGGGCATTCATATTCCATTGTCAGAGGTGAAATTCTTGGATTAACGGAAGATGAACTTCTGCGAAAGCATCTGCCAAGGATGTTTTCA,0,0,3,0,0,0,0,0,0,0,0,0,0,0,0,0,0,0,0,0,0,0,0,1,1,4,3,0,0,0,0,0,0,0,0,0,0,2,0,0,0,0,0,0,0,0,0,0,0,0,0,0,0,0,0,3,0,0
AGCTCCAATAGCGTATATTAATGTTGTTGCAGTTAAAAAGCTCGTAGTCGGATTTTTGTGTCATGTCGAACTGTCTGCCGATTGGTACGTACGGTTTGACGGGCATATTCCTTCCAGAGGCTCCGTGAGGCCTTCATTGGTTTCGCGGTTGAATCTGGGTCTTTTACTTTGAAAAAATTAGAGTGTTCAAAGCAGGCCTATGCTCGAATAGGTTAGCATGGAATAATAGAATAGGACTTCGGTCTTATTTTGTTGGTTTCTAGGACCGAAGTAATGATTAACAGGGACAGTTGGGGGCATTCATATTCCATTGTCAGAGGTGAAATTCTTGGATTAACGGAAGATGAACTTCTGCGAAAGCATCTGCCAAGGATGTTTTCA,0,0,0,0,0,0,0,0,0,0,0,0,0,0,0,0,0,0,0,0,0,0,0,0,0,0,0,0,0,0,0,0,0,0,0,0,0,0,0,0,0,2,0,4,0,0,0,6,0,0,0,9,0,0,0,0,0,1
AGCTCCAATAGCGTATATTAATGTTGTTGCAGTTAAAAAGCTCGTAGTCGGATTTTTGTGTCATGTCGAACTGTCTGCCGATTGGTTTGTACGGTTTGACGGGCATATTCCTTCCAGAGGCTCCGTGAGGCCTTCATTGGTTTCGCGGTTGAATCTGGGTCTTTTACTTTGAAAAAATTAGAGTGTTCAAAGCAGGCCTATGCTCGAATAGGTTAGCATGGAATAATAGAATAGGACTTCGGTCTTATTTTGTTGGTTTCTAGGACCGAAGTAATGATTAACAGGGACAGTTGGGGGCATTCATATTCCATTGTCAGAGGTGAAATTCTTGGATTAACGGAAGATGAACTTCTGCGAAAGCATCTGCCAAGGATGTTTTCA,0,0,0,0,0,0,0,0,0,0,0,0,0,0,0,0,0,0,0,0,0,0,0,0,0,2,4,0,0,0,0,0,0,0,0,0,0,0,0,2,0,0,0,0,0,0,0,0,0,0,0,0,0,0,0,0,0,0
AGCTCCAATAGCGTATATTAATGTTGTTGCAGTTAAAAAGCTCGTAGTCGGATTTTTGTGTCATGACGAACTGTCTGCCGATTGGTTTGTACGGTTTGACGGGCATATTCCTTCCAGAGGCTCCGTGAGGCCTTCATTGGTTTCGCGGTTGAATCTGGGTCTTTTACTTTGAAAAAATTAGAGTGTTCAAAGCAGGCCTATGCTCGAATAGGTTAGCATGGAATAATAGAATAGGACTTCGGTCTTATTTTGTTGGTTTCTAGGACCGAAGTAATGATTAACAGGGACAGTTGGGGGCATTCATATTCCATTGTCAGAGGTGAAATTCTTGGATTAACGGAAGATGAACTTCTGCGAAAGCATCTGCCAAGGATGTTTTCA,2,0,0,0,0,0,0,0,0,0,0,0,0,0,0,0,0,0,0,0,0,0,0,0,0,0,0,0,0,0,0,0,0,0,0,0,0,0,0,0,0,0,0,0,0,0,0,0,0,0,0,0,0,0,0,0,0,0
AGCTCCAATAGCGTATATTAATGTTGTTGCAGTTAAAAAGCTCGTAGTCGGATTTTTGTGTCATGTCGAACTGTCGGCCGATTGGTCTGTACGGTTTGACGGGCATATTCCTTCCAGAGGCTCTTCTAGGCCTTCATTGGTTTAGTTGTTGAATCTGGGTCTTTTACTTTGAAAAAATTAGAGTGTTCAAAGCAGGCCTATGCTCGAATAGGTTAGCATGGAATAATAGAATAGGACTTCGGTCTTATTTTGTTGGTTTCTAGGACCGAAGTAATGATTAACAGGGACAGTTGGGGGCATTCATATTCCATTGTCAGAGGTGAAATTCTTGGATTAACGGAAGATGAACTTCTGCGAAAGCATCTGCCAAGGATGTTTTCA,0,0,1,0,0,0,0,0,0,0,0,0,0,0,0,0,0,0,0,0,0,0,0,0,0,0,0,0,0,0,0,0,0,0,0,0,0,0,0,0,0,3,0,2,0,0,0,0,0,0,0,0,0,0,0,0,0,0
AGCTCCAATAGCGTATATTAATGTTGTTGCAGTTAAAAAGCTCGTAGTCGGATTTTTGTGTCATGTCGAACTGTCGGCCGATTGGTCTGTACGGTTTGACGGGCATATTCCTTCCAGAGGCTCTTCTAGGCCTTCATTGGTTTAGTTGTTGAATCTGGTTCTTTTACTTTGAAAAAATTAGAGTGTTCAAAGCAGGCCTATGCTCGAATAGGTTAGCATGGAATAATAGAATAGGACTTCGGTCTTATTTTGTTGGTTTCTAGGACCGAAGTAATGATTAACAGGGACAGTTGGGGGCATTCATATTCCATTGTCAGAGGTGAAATTCTTGGATTAACGGAAGATGAACTTCTGCGAAAGCATCTGCCAAGGATGTTTTCA,0,0,0,0,0,0,0,0,0,0,0,0,0,0,0,0,0,0,0,0,0,0,0,0,2,2,0,0,0,0,0,0,0,0,0,0,0,0,0,0,0,0,0,0,0,0,0,0,0,0,0,0,0,0,0,0,0,0
AGCTCCAATAGCGTATATTAATGTTGTTGCAGTTAAAAAGCTCGTAGTCGGATTTTTGTGGCACGTCGAACTGTCTGCCGATTGGTTTGTACGGTTTGATGTCCATATTCCTTCCAGAGGTCTCGGGAGCCCTTCATTGAGTTGCCGTTGAAATCTGGGTCTTTTACTTTGAAAAAATTAGAGTGTTCAAAGCAAGCCTATGCTCGAATAGCTTAGCATGGAATAATAGAATAGGACTTCGGTCTTATTTTGTTGGTTTCTAGGACTGAAGTAATGATTAACAGGGACAGTTGGGGGCATTCATATTCCATTGTCAGAGGTGAAATTCTTGGATTAACGGAAGATGAACTTCTGCGAAAGCATCTGCCAAGGATGTTTTCA,0,0,0,0,0,0,0,0,0,0,0,0,0,0,0,0,0,0,0,0,0,0,0,0,0,0,0,0,0,0,0,0,0,0,0,0,0,0,0,4,0,0,0,0,0,0,0,0,0,0,0,0,0,0,0,0,0,0
AGCTCCAATAGCGTATATTAAAGTTGTTGCAGTTAAAAAGCTCGTAGTCGGATTTTGGCTCTCGGCGAACTGTCCGCCTAACGGTGAGTACGGATCTCCGATTGCTTCCTTCCGAACCCCTTTCCCGCTCTTCATTGAGTTGGGTTTGGTTTTCGGATCTTTTACTTTGAAAAAATTAGAGTGTTCAAAGCAGGCCAACGCACGAATAGGTTAGCATGGAATAATGGAATAGGACTTCCGTTCTATTTTGTTGGTTTCTAGGACAGAAGTAATGATTAATAGGGACAGTTGGGGGCATTCGTATTCCATTGTCAGAGGTGAAATTCTTGGATTAACGGAAGACGAACTTCTGCGAAAGCATCTGCCAAGGATGTTTTCA,0,0,0,0,0,0,0,0,0,0,0,0,0,0,0,0,0,0,0,2,0,1,0,0,4,3,2,0,0,0,0,0,0,0,7,0,0,0,0,0,0,0,0,0,0,4,0,0,0,0,0,0,0,0,0,4,0,0
AGCTCCAATAGCGTATATTAAAGTTGTTGCAGTTAAAAAGCTCGTAGTCGGATTTTGGCCCTCGGCGAACTGTCCGCCTAACGGTGAGTACGGATCTCCGATTGCTTCCTTCCGAACCCCTTTCCCGCTCTTCATTGAGTTGGGTTTGGTTTTCGGATCTTTTACTTTGAAAAAATTAGAGTGTTCAAAGCAGGCCAACGCACGAATAGGTTAGCATGGAATAATGGAATAGGACTTCCGTTCTATTTTGTTGGTTTCTAGGACAGAAGTAATGATTAATAGGGACAGTTGGGGGCATTCGTATTCCATTGTCAGAGGTGAAATTCTTGGATTAACGGAAGACGAACTTCTGCGAAAGCATCTGCCAAGGATGTTTTCA,0,0,0,0,0,0,0,0,0,0,0,0,0,0,0,0,0,0,0,0,0,0,0,0,0,0,0,5,0,0,0,0,0,0,0,0,0,0,0,0,0,0,0,0,0,0,0,0,0,0,0,0,0,0,0,0,0,0
AGCTCCAATAGCGTATATTAAAGTTGTTGCAGTTAAAAAGCTCGTAGTCGGATTTTGGCTCTCGGCGAACTGTCCGCCTACCGGTGAGTACGGATCGCCGATTGCTTCCTTTCGAACCCCTTTCCCGCTCTTCATTGAGTTGGGTTTGGTTTTCGGATCTTTTACTTTGAAAAAATTAGAGTGTTCAAAGCAGGCCAACGCACGAATAGGTTAGCATGGAATAATGGAATAGGACTTCCGTTCTATTTTGTTGGTTTCTAGGACAGAAGTAATGATTAATAGGGACAGTTGGGGGCATTCGTATTCCATTGTCAGAGGTGAAATTCTTGGATTAACGGAAGACGAACTTCTGCGAAAGCATCTGCCAAGGATGTTTTCA,0,0,0,0,0,0,0,0,0,0,0,0,0,0,0,0,0,0,0,0,0,0,0,0,0,0,0,0,0,0,0,0,0,0,0,0,0,0,0,0,0,0,0,0,0,0,0,0,0,0,0,0,0,0,1,0,0,0
AGCTCCAATAGCGTATATTAAAGTTGTTGCAGATAAAAAGCTCGTAGTCGGATTTTGGCTCTCGGCGAACTGTCCGCCTACCGGTGAGTACGGATCGCCGATTGCTTCCTTCTGAACCCCTTTCCCGCTCTTCATTGAGTTGGGTTTGGTTTTCAGATCTTTTACTTTGAAAAAATTAGAGTGTTCAAAGCAGGCCAACGCACGAATAGGTTAGCATGGAATAATGGAATAGGACTTCCGTTCTATTTTGTTGGTTTCTAGGACAGAAGTAATGATTAATAGGGACAGTTGGGGGCATTCGTATTCCATTGTCAGAGGTGAAATTCTTGGATTAACGGAAGACGAACTTCTGCGAAAGCATCTGCCAAGGATGTTTTCA,0,0,0,0,0,0,0,0,0,0,0,0,0,0,0,0,0,2,0,0,0,0,0,0,0,0,0,0,0,0,0,0,0,0,0,0,0,0,0,0,0,0,0,0,0,0,0,0,0,0,0,0,0,0,0,0,0,0
AGCTCCAATAGCGTATATTAAAGTTGTTGCAGTTAAAAAGCTCGTAGTCGGATTTTGGCTCTCGGCGAACTGTCCGCCTACCGGTGAGTACGGATCGCCGATTGCTTCCTTCTGAACCCCTTTCCCGCTCTTCATTGAGTTGGGTTTGGTTTTCAGATCTTTTACTTTGAAAAAATTAGGGTGTTCAAAGCAGGCCAACGCACGAATAGGTTAGCATGGAATAATGGAATAGGACTTCCGTTCTATTTTGTTGGTTTCTAGGACAGAAGTAATGATTAATAGGGACAGTTGGGGGCATTCGTATTCCATTGTCAGAGGTGAAATTCTTGGATTAACGGAAGACGAACTTCTGCGAAAGCATCTGCCAAGGATGTTTTCA,0,0,0,0,0,0,0,0,0,0,0,0,0,0,0,0,0,0,0,0,0,0,0,0,0,0,0,0,0,0,0,0,0,0,0,0,2,0,0,0,0,0,0,0,0,0,0,0,0,0,0,0,0,0,0,0,0,0
AGCTCCAATAGCGTATATTAAAGTTGTTGCAGTTAAAAAGCTCGTAGTCGGATTTTGGCTCTCGGCGAACTGTCCGCCTACCGGTGAGTACGGATCGCCGATTGCTTCCTTCTGAACCCCTTTCCCGCTCTTCATTGAGTTGGGTTTGGTTTTCAGATCTTTTACTTTGAAAAAATTAGAGTGTTCAAAGCAGGCCAACGCACGAATAGGTTAGCATGGAATAATGGAATAGGACTTCCGTTCTATTTTGTTGGTTTCTAGGAGAGAAGTAATGATTAATAGGGACAGTTGGGGGCATTCGTATTCCATTGTCAGAGGTGAAATTCTTGGATTAACGGAAGACGAACTTCTGCGAAAGCATCTGCCAAGGATGTTTTCA,1,0,0,0,0,0,0,0,0,0,0,0,0,0,0,0,0,0,0,0,0,0,0,0,0,0,0,0,0,0,0,0,0,0,0,0,0,0,0,0,0,0,0,0,0,0,0,0,0,0,0,0,0,0,0,0,0,0
AGCTCCAATAGCGTATATTAAAGTTGTTGCAGTTAAAAAGCTCGTAGTCGGATTTTGGCTCTCGGCGAACTGTCCGCCTACCGGTGAGTACGGATCGCCGATTGCTTCCTTCTGAACCCCTTTCCCGCTCTTCATTGAGTTGGGTTTGGTTTTCAGATCTTTTACTTTGAAAAAATTAGAGTGTTCAAAGCAGGCCAACGCACGAATAGGTTAGCATGGAATAATGGAATAGGACTTCCGTTCTATTTTGTTGGTTTCTAGGACAGAAGTAATGATTAATAGGGACAGTTGGGGGCATTCGTATTCCATTGTCAGAGGTGAAATTCTTGGATTAACGGAAGACGAACTTCTGCGAAAGCATCTGCCAAGGATGTTTTCA,0,2,0,1,0,1,0,0,0,0,0,0,1,0,0,0,3,0,0,0,0,1,0,0,2,3,2,0,0,1,1,0,0,0,0,0,0,2,0,5,0,2,1,3,0,0,0,1,0,5,0,2,0,0,0,0,2,6
AGCTCCAATAGCGTATATTAAAGTTGTTGCAGTTAAAAAGCTCGTAGTCGGATTTTGGCTTTCGGCGAACTGTCCGCCTACCGGTGAGTACGGATCGCCGATTGCTTCCTTCCGAACACCGTCTCCCCTCTTCATTGAGTTGGGGTCGGCATTCGGATCTTTTACTTTGAAAAAATTAGAGTGTTCAAAGCAGGCCAACGCACGAATAGGTTAGCATGGAATAATGGAATAGGACTTCCGTTCTATTTTGTTGGTTTCTAGGACAGAAGTAATGATTAATAGGAACAGTTGGGGGCATTCGTATTCCAATGTCAGAGGTGAAATTCTTGGATTATCGGAAGACGAACTTCTGCGAAAGCATCTGCCAAGGATGTTTTCA,0,0,0,0,0,0,0,0,0,0,0,0,0,0,0,0,0,0,0,0,0,0,0,1.5,0,0,0,0,0,0,0,0,0,0,0,0,0,0,0,0,0,0,0,0,0,0,0,0,0,0,0,0,0,0,0,0,0,0
AGCTCCAATAGCGTATATTAAAGTTGTTGCAGTTAAAAAGCTCGTAGTCGGATTTTGGCTTTCGGCGAACTGTCCGCCTACCGGTGAGTACGGATCGCCGATTGCTTCCTTCCGAACACCGTCTCCCCTCTTCATTGAGTTGGGGTCGGCATTCGGATCTTTTACTTTGAAAAAATTAGAGTGTTCAAAGCAGGCCAACGCACGAATAGGTTAGCATGGAATAATGGAATAGGACTTCCGTTCTATTTTGTTGGTTTCTAGGACAGAAGTAATGATTAATAGGGACAGTTGGGGGCATTCGTATTCCATTGTCAGAGGTGAAATTCTTGGATTAACGGAAGACGAACTTCTGCGAAAGCATCTGCCAAGGATGTTTTCA,0,0,0,0,0,0,0,0,0,0,0,0,0,0,0,0,0,0,0,0,0,0,0,0,0,0,0,0,0,0,0,0,0,0,0,0,0,0,0,0,0,0,0,0,0,2,0,0,0,0,0,0,0,0,0,0,0,0
AGCTCCAATAGCGTATATTAAAGTTGTTGCAGTTAAAAAGCTCGTAGTCGGATTTTGGCTTTCTGAGAACTGTCCGCCTAACGGTGAGTACGGATTTCAGATTGCTTCCTTCCGAAGCTCGTTCCCGCTCTTCATTGAGTTGGGTCCGGTATTCGGATCTTTTACTTTGAAAAAATTAGAGTGTTCAAAGCAGGCCAACGCACGAATAGGTTAGCATGGAATAATGGAATAGGACTTCCGTTCTATTTTGTTGGTTTCTAGGACAGAAGTAATGATTAATAGGGACAGTTGGGGGCATTCGTATTCCATTGTCAGAGGTGAAATTCTTGGATTAACGGAAGACGAACTTCTGCGAAAGCATCTGCCAAGGATGTTTTCA,0,0,0,0,0,0,0,0,0,0,0,0,0,0,0,0,0,0,0,0,0,0,0,2,1,0,0,0,0,0,0,0,0,0,0,0,0,0,0,1,0,0,0,1,0,0,0,2,0,0,0,0,0,0,0,0,0,0
AGCTCCAATAGCGTATATTAAAGTTGTTGCAGTTAAAAAGCTCGTAGTCGGATTTTGGCTTTCTGAGAACTGTCCGCCTAACGGTGAGTACGGATTTCAGATTGCTTCCTTCCGAAGCTCGTTCCCGCTCTTCATTGAGTTTGGTCCGGTATTCGGATCTTTTACTTTGAAAAAATTAGAGTGTTCAAAGCAGGCCAACGCACGAATAGGTTAGCATGGAATAATGGAATAGGACTTCCGTTCTATTTTGTTGGTTTCTAGGACAGAAGTAATGATTAATAGGGACAGTTGGGGGCATTCGTATTCCATTGTCAGAGGTGAAATTCTTGGATTAACGGAAGACGAACTTCTGCGAAAGCATCTGCCAAGGATGTTTTCA,0,0,0,0,0,0,0,0,0,0,0,0,0,0,0,0,0,0,0,1,0,0,0,0,0,0,0,0,0,0,0,0,0,0,0,0,0,0,0,0,0,0,0,0,0,0,0,0,0,0,0,0,0,0,0,0,0,0
AGCTCCAATAGCGTATATTAAAGTTGTTGCAGTTAAAAAGCTCGTAGTCGGATTTTGGCTTTCTGAGAACTGTCCGCCTAACGGTGAGTACGGATTTCAGATTGCTTCCTTCCGAAGCCCGTTCCCGCTCTTCATTGAGTTGGGTCCGGTATTCGGATCTTTTACTTTGAAAAAATTAGAGTGTTCAAAGCAGGCCAACGCACGAATAGGTTAGCATGGAATAATGGAATAGGACTTCCGTTCTATTTTGTTGGTTTCTAGGACAGAAGTAATGATTAATAGGGACAGTTGGGGGCATTCGTATTCCATTGTCAGAGGTGAAATTCTTGGATTAACGGAAGACGAACTTCTGCGAAAGCATCTGCCAAGGATGTTTTCA,0,0,0,0,0,0,0,0,0,0,0,0,0,0,0,0,0,0,0,0,0,1,0,0,0,3,0,0,0,0,0,0,0,0,0,0,0,0,0,0,0,0,0,0,0,0,0,0,0,0,0,0,0,0,0,0,0,0
AGCTCCAATAGCGTATATTAAAGTTGTTGCAGTTAAAAAGCTCGTAGTTGGATTTCTGTTCTTGGGGTGCGGTCCGCCGCAAGGTGAGCACTGCAGCTCTGGGGACATCCTCTCGAAGGCGGGTGGTGCACTTAATTGTGTGCTGCTTGGATTCGGGACCTTTACTTTGAAAAAATTAGAGTGTTCAAAGCAGGCGTCGGCTTGAATACATTAGCATGGAATAATGGAATAGGACTTTGGTTCTATTTTGTTGGTTTCTAGGACCGAAGTAATGATTAATAGGGACAGTTGGGGGCATTAGTATTTAATTGTCAGAGGTGAAATTCTTGGATTTATGAAAGACTAACTACTGCGAAAGCATTTGCCAAGGATGTTTTCA,0,0,0,0,0,0,0,0,0,0,0,0,0,0,0,0,0,0,0,0,0,0,0,0,0,0,0,0,0,0,0,0,0,0,0,0,0,0,0,0,0,2,0,0,0,0,0,0,0,0,0,0,0,0,0,0,0,0
AGCTCCAATAGCGTATATTAAAGTTGTTGCAGTTAAAAAGCTCGTAGTTGGATTTCTGTTTCTGGGGTGCGGTCCGCCGCAAGGTGAGCACTGCAGCTCTGGGGACATCCTCTCGAAGGCGGGTGGTGCACTTAATTGTGTGCTGCTTGGATTCGGGACCTTTACTTTGAAAAAATTAGAGTGTTCAAAGCAGGCGTCGGCTTGAATACATTAGCATGGAATAATGGAATAGGACTTTGGTTCTATTTTGTTGGTTTCTAGGACCGAAGTAATGATTAATAGGGACAGTTGGGGGCATTAGTATTTAATTGTCAGAGGTGAAATTCTTGGATTTATGAAAGACTAACTACTGCGAAAGCATTTGCCAAGGATGTTTTCA,0,0,0,1,0,0,0,0,0,0,0,0,0,0,0,0,0,0,0,0,0,0,0,0,0,0,0,0,0,0,0,0,0,0,0,0,0,0,0,0,0,0,0,0,0,0,0,0,0,0,0,0,0,0,0,0,0,0
AGCTCCAATAGCGTATATTAAAGTTGTTGCAGTTAAAAAGCTCGTAGTTGGATTTCTGTTCTTGGGGGGCGGTCCGCCGCAAGGTGAGCACTGCTGTTCTGGGGACATCCTCTCGGAGGCGGGTGGTGCACTTAATTGTGTGCTGCTTGGATTCGGGACCTTTACTTTGAAAAAATTAGAGTGTTCAAAGCAGGCGTCGGCTTGAATACATTAGCATGGAATAATGGAATAGGACTTTGGTTCTATTTTGTTGGTTTCTAGGACCGAAGTAATGATTAATAGGGACAGTTGGGGGCATTAGTATTTAATTGTCAGAGGTGAAATTCTTGGATTTATGAAAGACTAACTACTGCGAAAGCATTTGCCAAGGATGTTTTCA,0,0,0,0,0,0,0,0,0,0,0,0,0,0,0,0,0,0,0,0,0,0,0,0,0,0,0,0,0,0,0,0,0,0,0,0,0,0,0,0,0,0,0,1,0,0,0,0,0,0,0,0,0,0,0,0,0,0
AGCTCCAATAGCGTATATTAAAGTTGTTGCAGTTAAAAAGCTCGTAGTTGGATTTCTGTTCTCGAGGGTCGGTCCGCCTCACGGTGAGCACTGGCTTTCTTGGGGACATCCTCTCGAAGGCGGGTGGTGCACTTAATTGTGTGCTGCTTGGATTCGGGACCTTTACTTTGAAAAAATTAGAGTGTTCAAAGCAGGCGTCGGCTTGAATACATTAGCATGGAATAATGGAATAGGACTTTGGTTCTATTTTGTTGGTTTCTAGGACCGAAGTAATGATTAATAGGGACAGTTGGGGGCATTAGTATTTAATTGTCAGAGGTGAAATTCTTGGATTTATGAAAGACTAACTACTGCGAAAGCATTTGCCAAGGATGTTTTCA,0,0,0,0,0,0,0,0,0,0,0,0,0,0,0,0,0,0,0,0,0,0,0,0,0,0,0,0,0,0,0,0,0,0,0,0,0,0,0,0,0,0,0,0,0,0,0,0,0,0,0,0,0,0,0,0,1,0
AGCTCCAATAGCGTATATTAAAGTTGTTGCAGTTAAAAAGCTCGTAGTTGGATTTCTGTTATGGTGGGATGGTCCGCCTCACGGTGAGCACTGTCTTTCTACTGTGACATCCTCTCGAAGACGTGTTGTGCACTTAGTTGTGTGTGGCATGGATTTGGGACCTTTACTTTGAAAAAATTAGAGTGTTCAAAGCAGGCGTTTTGCTTGAATATATTAGCATGGAATAATGGAATAGGACTTTGGTTCTATTTTGTTGGTTTCTAGGACTGAAGTAATGATTAATAGGGACAGTTGGGGGCATTAGTATTTAATTGTCAGAGGTGAAATTCTTGGATTTATGAAAGACTAACTACTGCGAAAGCATTTGCCAAGGATGTTTTCA,0,0,0,0,0,0,0,0,0,0,0,8,0,0,0,0,0,0,0,0,0,0,0,0,0,0,3,0,0,0,0,0,0,0,0,0,0,0,0,0,3,1,3,5,2,6,0,0,0,0,0,0,0,0,0,0,0,0
AGCTCCAATAGCGTATATTAAAGTTGTTGCAGTTAAAAAGCTCGTAGTTGGATTTCTGTTATGGTGGGATGGTCCGCCTCACGGTGAGCACTGTCTTTCTACTGTGACATCCTCTCGAAGACGTGTTGTGCACTTAGTTGTGTGTGGCATGGATTTGGGACCTTTACTTTGAAAAAATTAGAGTGTTCAAAGCAGGCGTTTTGCTCGAATATATTAGCATGGAATAATGGAATAGGACTTTGGTTCTATTTTGTTGGTTTCTAGGACTGAAGTAATGATTAATAGGGACAGTTGGGGGCATTAGTATTTAATTGTCAGAGGTGAAATTCTTGGATTTATGAAAGACTAACTACTGCGAAAGCATTTGCCAAGGATGTTTTCA,0,0,0,0,0,0,0,0,0,0,0,0,0,0,0,0,0,0,0,2,0,0,0,0,0,0,0,0,0,0,0,0,0,0,0,0,0,0,0,0,0,0,0,0,0,0,0,0,0,0,0,0,0,0,0,0,0,0
AGCTCCAATAGCGTATATTAAAGTTGTTGCAGTTAAAAAGCTCGTAGTTGGATTTCTGTTACGGTGGGATGGTCCGCCTCACGGTGAGCACTGTCTTTCTACTGTGACATCCTCTCGAAGACGTGTTGTGCACTTAGTTGTGTGTGGCATGGATTTGGGACCTTTACTTTGAAAAAATTAGAGTGTTCAAAGCAGGCGTTTTGCTTGAATATATTAGCATGGAATAATGGAATAGGACTTTGGTTCTATTTTGTTGGTTTCTAGGACTGAAGTAATGATTAATAGGGACAGTTGGGGGCATTAGTATTTAATTGTCAGAGGTGAAATTCTTGGATTTATGAAAGACTAACTACTGCGAAAGCATTTGCCAAGGATGTTTTCA,0,0,0,0,0,0,0,0,0,0,0,0,0,0,0,0,0,0,0,0,0,0,0,0,0,0,0,0,0,0,0,0,0,0,0,0,0,0,0,0,0,0,0,0,0,0,0,2,0,0,0,0,0,0,0,0,0,0
AGCTCCAATAGCGTATATTAAAGTTGTTGCAGTTAAAAAGCTCGTAGTTGGACTTCTGGTTTGGGGTGGTGGTCCGCCTAACGGTGTGCACTGTTGCCTTGAGCCTTCTTCCTGTAGTCTCATTGTGCACTTAATTGTGTGCTTTGGTGAATATGGGACCTTTACTTTGAAAAAATTAGAGTGTTCAAAGCAGGCCTTCGCTTGAATACATTAGCATGGAATAATAGAATAGGACTTTGGTTCTATTTTGTTGGTTTCTAGGACCGAAGTAATGATTAATAGGGACGGTTGGGGGCATTAGTATTTAATTGTCAGAGGTGAAATTCTTGGATTTATGAAAGACTAACTACTGCGAAAGCATTTGCCAAGGATGTTTTCA,0,0,0,0,0,0,0,0,0,0,0,0,0,0,0,0,0,0,0,0,0,0,0,0,0,0,0,0,0,0,0,0,0,0,0,0,0,0,0,0,0,2,0,1,0,0,0,0,0,0,0,0,0,0,0,0,0,0
AGCTCCAATAGCGTATATTAAAGTTGTTGCAGTTAAAAAGCTCGTAGTTGGACTTCTGGTTTGGGGTGGTGGTCCGCCTAACGGTGTGCACTGTTGCCTTGAGCCTTCTTCCTGTAGTCTCATTGTGCACTTAATTGTGTGCTTTGGTGAATATGGGACCTTTACTTTGAAAAAATTAGAGTGTTCAAAGCAGGCCTTCGCTTGAATACATTAGCATGGAATAATAGAATAGGACTTTGGTTCTATTTTGTTGGTTTCTGGGACCGAAGTAATGATTAATAGGGACGGTTGGGGGCATTAGTATTTAATTGTCAGAGGTGAAATTCTTGGATTTATGAAAGACTAACTACTGCGAAAGCATTTGCCAAGGATGTTTTCA,0,0,0,0,0,0,0,0,0,0,0,0,0,0,0,0,0,0,0,0,0,0,0,0,0,0,0,0,0,0,0,0,0,0,2,0,0,0,0,0,0,0,0,0,0,0,0,0,0,0,0,0,0,0,0,0,0,0
AGCTCCAATAGCGTATATTAAAGTTGTTGCAGTTAAAAAGCTCGTAGTTGGATTTCTGATCTTGTTGGGTGGTCCGGCCTAGAGTCGTGCACTGCCCGGTGGGGTCTTCCTCTTGAATTGTGCGTGTGCTCTTAACTGAGTGTGCGTATGGTTTGGGATCTTTACTTTGAAAAAATTAGAGTGTTCAAAGCAGGCGATTGCTTGAATATATTAGCATGGAATAATGGAATAGGACTTGGGTTCTATTTTGTTGGTTTCTAGAACCGAGGTAATGATTAATAGGGACAGTTGGGGGCATTCGTATTTAATTGTCAGAGGTGAAATTCTTGGATTTATGAAAGACGAACTTCTGCGAAAGCATTTGCCAAGGATGTTTTCA,0,0,0,0,0,0,0,0,0,0,0,0,0,0,0,0,0,0,0,0,0,0,0,0,0,0,0,0,0,0,0,0,0,0,0,0,0,0,0,0,0,0,0,1,0,0,0,0,0,0,0,0,0,0,0,0,0,0
AGCTCCAATAGCGTATATTAAAGCTGTTGCGGTTAAAAAGCTCGTAGTTGGATTTGAGTCTAGTTGCGGCCGGGCTCAGGGCTTTGACTCTGGGGCGGGCGTGTAGACTGTATGCGCGCGGGGAGGCGCAGGGGAATTTCTCTGCGGACTCGTGTGCTTTACTTTGAACAAATTAGAGTGTTTAAAGCAGGCATTTTTTGCCTTGAATACATTAGCATGGAATAACGATTTTGACTGGAGCAGGCATGATGTTGTCTTGATGACTGCGCAGTAATGATGGATAGGGACGGTCGGGGACATTCGTATTGCTCCGTCAGAGGTGAAATTCTTAGATTGGAGGAAGACGAGCTGATGCGAAAGCCTTTGTCAAGGACGTTTTCA,0,0,0,0,0,0,0,0,0,0,0,0,0,0,0,0,3,0,0,0,0,0,0,0,0,0,0,0,0,0,0,0,0,0,0,0,0,0,0,0,0,0,0,0,0,0,0,0,0,0,0,0,0,0,0,0,0,0
AGCTCCAATAGCGTATATTAAAGCTGTTGCGGTTAAAAAGCTCGTAGTTGGATTTGAGTCTAGTTGCGGCCGGGCTCAGGGCTTTGACTCTGGGGCGGGCGTGTAGACTGTATGCGCGCGGGGAGGGGCAGGGAATTTTCTCTGCTTTCTCGTGTGCTTTACTTTGAACAAATTAGAGTGTTTAAAGCAGGCATTTTTTGCCTTGAATACATTAGCATGGAATAACGATTTTGACTGGAGCAGGCATGATGTTGTCTTGATGACTGCGCAGTAATGATGGATAGGGACGGTCGGGGACATTCGTATTGCTCCGTCAGAGGTGAAATTCTTAGATTGGAGGAAGACGAGCTGATGCGAAAGCCTTTGTCAAGGACGTTTTCA,1,0,2,0,0,0,0,0,0,0,0,0,0,0,0,0,0,0,0,0,0,0,0,0,3,0,0,0,0,0,1,0,0,0,0,0,0,0,0,0,0,0,0,0,0,0,0,0,0,0,0,0,0,0,0,0,0,0
AGCTCCAATAGCGTATATTAAAGTTGTTGCAGTTAAAAAGCTCGTAGTTGGATTTCTGCCTTGTGTCCCAGGTCGGCCCGATAGGGTCTGTACTAGGAGACGCTTGGCATCCTGTGGACGAGCGTGTGTGGTATTAATTTATTGTGCACGTGAGTCCACTCGTTTACTGTGAACAAATTAGAGTGTTTAAAGCAGGCAATTGCCTTGAATACATTAGCATGGAATAATAAGATAGGACTTCTGGTCTATTTGTTGGTTCAGGCCTGAGGTAATGATTAATAGGGATAGTTGGGGGTATTCATATTCAATTGTCAGAGGTGAAATTCTTGGATTTATGGAAGATGAACAACTGCGAAAGCATTTACCAAGGATGTTTTCA,25,3,1,0,9,5,12,8,0,0,49,74,0,0,0,0,5,4,13,11,4,2,0,7.5,4,0,0,10,0,0,2,0,21,4,7,0,38,0,27,0,35,5,12,30,0,9,7,3,10,10,0,6,7,41,4,19,0,4
AGCTCCAATAGCGTATATTAAAGTTGTTGCAGTTAAAAAGCTCGTAGTTGGATTTCTGCCTTGTGTCCCGGGTCGGCCCGATAGGGTCTGTACTAGGAGACGCTTGGCATCCTGTGGACGAGCTTGTGTGGTATTGATTTATCGTGCAAGTGAGTCCACTCGTTTACTGTGAACAAATTAGAGTGTTTAAAGCAGGCAATTGCCTTGAATACATTAGCATGGAATAATAAGATAGGACTTCTCGTCTATTTTGTTGGTTCAGGCCTGAGGTAATGATTAATAGGGATAGTTGGGGGTATTCATATTCAATTGTCAGAGGTGAAATTCTTGGATTTATGGAAGATGAACAACTGCGAAAGCATTTACCAAGGATGTTTTCA,39,7,11,0,24,11,19,22,0,0,84,89,5,16,4,10,0,0,14,18,0,9,0,2.5,18,7,1,15,0,10,0,2,34,8,30,3,55,0,30,0,49,7,11,35,7,9,29,7,29,23,0,19,26,95,11,41,2,5
AGCTCCAATAGCGTATATTAAAGTTGTTGCAGTTAAAAAGCTCGTAGTTGGATTTCTGGCTTGTGTCCCAGGTCGGCCCGATAGGGTCTGTTACTAGGAGACGCTTGCCATCCTGAGGAGTAGCGTGTGTGCTATTAATTTAGTGTGCTCGTGAGTCCTCTCGTTTACTGTGAACAAATTAGAGTGTTTAAAGCAGGCAATTGCCTTGAATACATTAGCATGGAATAATAAGATAGGACTTCTGGTCTATTTGTTGGTTCAGGCCTGAGGTAATGATTAATAGGGATAGTTGGGGGTATTCATATTCAATTGTCAGAGGTGAAATTCTTGGATTTATGGAAGATGAACAACTGCGAAAGCATTTACCAAGGATGTTTTCA,43,8,2,2,14,9,14,19,17,0,36,42,0,0,0,0,5,0,10,6,12,5,0,2.5,10,0,0,16,4,0,2,0,22,3,24,0,35,0,18,0,27,1,9,17,0,2,15,4,12,9,10,9,8,44,3,18,0,4
AGCTCCAATAGCGTATATTAAAGTTGTTGCAGTTAAAAAGCTCGTAGTTGGATTTCTGGCTTGTGTCCCAGGTCGGCCCGATAGGGTCTGTTACTAGGAGACGCTTGCCATCCTGAGGAGTAGCGTGTGTGCTATTAATTTAGTGTGTTCGTGAGTCCTCTCGTTTACTGTGAACAAATTAGAGTGTTTAAAGCAGGCAATTGCCTTGAATACATTAGCATGGAATAATAAGATAGGACTTCTGGTCTATTTGTTGGTTCAGGCCTGAGGTAATGATTAATAGGGATAGTTGGGGGTATTCATATTCAATTGTCAGAGGTGAAATTCTTGGATTTATGGAAGATGAACAACTGCGAAAGCATTTACCAAGGATGTTTTCA,0,0,0,0,0,0,0,0,0,0,0,0,0,0,0,0,0,0,0,0,0,0,0,0,0,0,0,0,0,0,0,0,0,0,0,0,0,0,0,4,0,0,0,0,0,0,0,0,0,0,0,0,0,0,0,0,0,0
AGCTCCAATAGCGTATATTAAAGTTGTTGCAGTTAAAAAGCTCGTAGTTGGATTTCTGGTCTGTGTCCCGGGTCGGCCCGTTAGGGTCTGTACTAGGCGACGCTGGCCATCCTGTGAGCAACCTTTTCTGCTATTAATTTAGTGGGGAAGTGAGCTCACTCGTTTACTGTGAACAAATTAGAGTGTTTAAAGCAGGCAATTGCCTTGAATACATTAGCATGGAATAATAAGATAGGACTTCTGGTCTATTTTGTTGGTTCAGGCCTGAGGTAATGATTAATAGGGATAGTTGGGGGTATTCATATTCAATTGTCAGAGGTGAAATTCTTGGATTTATGGAAGATGAACAACTGCGAAAGCATTTACCAAGGATGTTTTCA,0,0,0,0,0,0,0,0,0,35,0,0,0,0,0,0,0,0,0,0,0,0,0,0,0,0,0,0,0,0,0,0,0,0,0,0,0,0,0,0,0,0,0,0,0,0,0,0,0,0,0,0,0,0,0,0,0,0
AGCTCCAATAGCGTATATTAAAGTTGTTGCAGTTAAAAAGCTCGTAGTTGGATTTCTGACTTGCGTCCCAGGTCGGCCCGATAGGGTTTTGTACTAGGAGACGCTTGTCATCCTGTGGACGACCGCGTTTGCCATTAATTTGGTGGGCGCGTGAGTTCACTCGTTTACTGTGAACAAATTAGAGTGTTTAAAGCAGGCAATTGCCTTGAATACATTAGCATGGAATAATAAGATAGGACTTCTGGTCTATTTGTTGGTTCAGGCCTGAGGTAATGATTAATAGGGATAGTTGGGGGTATTCATATTCAATTGTCAGAGGTGAAATTCTTGGATTTATGGAAGATGAACAACTGCGAAAGCATTTACCAAGGATGTTTTCA,0,0,0,0,0,0,0,0,0,0,0,0,0,0,0,0,0,0,0,0,0,0,0,0,0,0,0,0,0,0,0,0,0,0,0,0,0,0,0,0,0,0,0,0,0,0,0,0,1,0,0,0,3,0,0,0,0,0
AGCTCCAATAGCGTATATTAAAGTTGTTGCAGTTAAAAAGCTCGTAGTTGGATTTCTGGCGTGCGACCCGGGTCGGCCCGAAATGGGTCTGTACTAGGAGTTGCGCGCCATCCTTGGGTCGAGGCGTTCTACCATTAACTTGGCGGTTCGTTGAGACCCATCGTTTACTGTGAACAAATTAGAGTGTTTAAAGCAGGCATATGCCTTGAATACATTAGCATGGAATAATAAGATAGGACTTCGGTAATATTTTGTTGGTTCATTATTGAGGTAATGATTAATAGGGATAGTTGGGGGTATTCATATTCAATTGTCAGAGGTGAAATTCTTGGATTTATGGAAGATGAACAACTGCGAAAGCATTTACCAAGGATGTTTTCA,24,6,10,0,0,0,8,82,231,286,3,10,0,0,0,0,0,0,0,5,0,0,0,3.5,2,0,0,18,2,3,4,1,16,4,25,5,4,3,0,0,0,2,3,31,0,4,0,10,0,8,0,7,0,49,0,21,0,3
AGCTCCAATAGCGTATATTAAAGTTGTTGCAGTTAAAAAGCTCGTAGTTGGATTTCTGGCGTGCGACCCGGGTCGGCCCGAAATGGGTCTGTACTAGGAGTCGCGCGCCATCCTTGGGGCGAGGCGTTCTACCATTAACTTGGCGGTGCGTTGAGCCCCATCGTTTACTGTGAACAAATTAGAGTGTTTAAAGCAGGCATATGCCTTGAATACATTAGCATGGAATAATAAGATAGGACTTCGGTAATATTTTGTTGGTTCATTATTGAGGTAATGATTAATAGGGATAGTTGGGGGTATTCATATTCAATTGTCAGAGGTGAAATTCTTGGATTTATGGAAGATGAACAACTGCGAAAGCATTTACCAAGGATGTTTTCA,0,0,0,0,0,0,0,0,0,0,0,0,0,40,0,37,0,0,0,4,0,0,0,0,0,0,0,0,0,0,0,0,0,0,0,0,0,0,0,0,0,0,0,1,0,0,0,0,0,0,0,5,0,0,0,3,0,0
AGCTCCAATAGCGTATATTAAAGTTGTTGCAGTTAAAAAGCTCGTAGTTGGATTTCTGGCGTGCGACCCGGGTCGGCCCGAAATGGGTCTGTACTAGGAGTCGCGCGCCATCCTTGAGGCGAGGCGTTCTACCATTAACTTGGCGGTTCGTTGAGCCTCATCGTTTACTGTGAACAAATTAGAGTGTTTAAAGCAGGCATATGCCTTGAATACATTAGCATGGAATAATAAGATAGGACTTCGGTAATATTTTGTTGGTTCATTATTGAGGTAATGATTAATAGGGATAGTTGGGGGTATTCATATTCAATTGTCAGAGGTGAAATTCTTGGATTTATGGAAGATGAACAACTGCGAAAGCATTTACCAAGGATGTTTTCA,0,0,0,0,0,0,0,0,0,0,0,0,0,0,0,0,0,0,0,0,0,0,0,0,0,0,0,8,0,0,0,0,0,0,0,0,0,0,0,0,0,0,0,0,0,0,0,0,0,0,0,0,0,0,0,0,0,0
AGCTCCAATAGCGTATATTAAAGTTGTTGCAGTTAAAAAGCTCGTAGTTGGATTTCTGGCTTGTGACCCGGGTCGGCCCGAAATGGGTCTGTACTAGGAGTTGCGCGCCATCCTTGGGGCGAGGCGTTCTACCCTTAATTGGGCGGTTCGTTGAGCCCCATCGTTTACTGTGAACAAATTAGAGTGTTTAAAGCAGGCATATGCCTTGAATACATTAGCATGGAATAATAAGATAGGACTTCGGTAATATTTTGTTGGTTCATTATTGAGGTAATGATTAATAGGGATAGTTGGGGGTATTCATATTCAATTGTCAGAGGTGAAATTCTTGGATTTATGGAAGATGAACAACTGCGAAAGCATTTACCAAGGATGTTTTCA,0,0,0,0,0,0,0,0,0,0,0,0,0,33,0,40,0,0,0,0,0,0,0,0,0,0,0,5,0,0,0,0,0,0,0,0,0,0,0,0,0,0,0,0,0,0,0,0,0,0,0,0,0,0,0,0,0,0
AGCTCCAATAGCGTATATTAAAATTGTTGCAGTTAAAAAGCTCGTAGTTGGATTTCTGGCTTGTGACCCGGGTCGGCCCGGAATGGGTCCGTACTAGGAGTTGCGCGCCATCCTTGGGGCGAGGCGTTCTACCCTTAATTGGGCGGTTCGTTGAGCCCCATCGTTTACTGTGAACAAATTAGAGTGTTTAAAGCAGGCATATGCCTTGAATACATTAGCATGGAATAATAAGATAGGACTTCGGTAATATTTTGTTGGTTCATTATTGAGGTAATGATTAATAGGGATAGTTGGGGGTATTCATATTCAATTGTCAGAGGTGAAATTCTTGGATTTATGGAAGATGAACAACTGCGAAAGCATTTACCAAGGATGTTTTCA,0,0,0,0,0,0,0,0,0,0,0,0,0,0,0,0,0,0,0,9,0,0,0,0,0,0,0,0,0,0,0,0,0,0,0,0,0,0,0,0,0,0,0,0,0,0,0,0,0,0,0,0,0,0,0,0,0,0
AGCTCCAATAGCGTATATTAAAGTTGTTGCAGTTAAAAAGCTCGTAGTTGGATTTCTGGTTTGTGTCCCGGGTCGTCCCGAAATGGGTCTGTACTAGGAGACGCAAGCCATCCTTGCGGCGAGGCGTTCTGCCATTTATTTGGTGGTTCGTTGAGCCGCATCGTTTACTGTGAACAAATTAGAGTGTTTAAAGCAGGCATATGCCTTGAATACATTAGCATGGAATAATAAGATAGGACTTCGGTAATATTTTGTTGGTTCATTATTGAGGTAATGATTAATAGGGATAGTTGGGGGTATTCATATTCAATTGTCAGAGGTGAAATTCTTGGATTTATGGAAGATGAACAACTGCGAAAGCATTTACCAAGGATGTTTTCA,0,0,0,0,0,0,0,0,0,0,0,0,0,17,0,10,0,0,0,0,0,0,0,0,0,0,0,0,0,0,0,0,0,0,0,0,0,0,0,0,0,0,0,0,0,0,0,0,0,0,0,0,0,0,0,0,0,0
AGCTCCAATAGCGTATATTAAAGTTGCTGCAGTTAAAAAGCTCGTAGTTGGATTTCTGGTGAGCAGCCCCGGTCGGCCTATTTGGTCAGACTAGGCGTTGCTGGCCATCCTTGCAGCGAATGCCTCTGCGCTTAACTGTCGTGGTGGTACTAGTTGCATCGTTTACTGTGAACAAATTAGAGTGTTTAAAGCAGGCAATTGCTCTGAATACATTAGCATGGAATAATAAGATAGGACTTTGGTACTATTTTGTTGGTTGAGTGTCAAGGTAATGATTAATAGGGATAGTTGGGGGTATTCATATTCAATTGTCAGAGGTGAAATTCTTGGATTTATGGAAGATGAACAACTGCGAAAGCATTTACCAAGGATGTTTTCA,0,0,0,0,0,0,0,0,0,0,0,0,0,0,0,0,0,0,0,0,0,0,1,0,0,0,0,0,0,0,0,0,0,0,0,0,0,0,0,0,0,0,0,0,0,0,0,0,0,0,0,0,0,0,0,0,0,0
AGCTCCAATAGCGTATATTAAAGTTGTTGCAGTTAAAAAGCTCGTAGTTGGATTTCTTGGGTAGCAAGCGGGTCGGCTCAAAGAGTCTGTACTAGCTTTGCTATTCAATCCTCGTAACAAGCTGTCGGTGAGTTAACTCCATTCGGCAGTGAGCTGCGTCATTTACTGTGAACAAATTAGAGTGTTTAAAGCAGGCAAATGCTGTGAATACATTAGCATGGAATAATAAGATAGGACCTAGAGTCTATTTTGTTGGTTGCGATTTTAGGTAATGATTAATAGGGATAGTTGGGGGTATTCATATTCAATTGTCAGAGGTGAAATTCTTGGATTTATGGAAGATGAACAACTGCGAAAGCATTTACCAAGGATGTTTTCA,0,0,0,0,0,0,0,0,0,0,0,0,0,0,0,0,0,0,0,0,0,0,0,0,0,0,0,0,0,0,0,0,0,0,0,0,0,0,0,0,0,0,0,0,0,0,0,0,0,0,0,0,0,2,0,0,0,0
AGCTCCAATAGCGTATATTAAAGTTGTTGCAGTTAAAAAGCTCGTAGTTGGATTTCTTGTGCATGAAGCGGGTCGGCTCAAAGAGTCTGTACTAGCTTTCATGCACAATCCTCGTAACAAGCTGTCGGTGAGTTAACTCCATTCGGCAGTGAGTTGCGTCATTTACTGTGAACAAATTAGAGTGTTTAAAGCAGGCAAATGCTGTGAATACATTAGCATGGAATAATAAGATAGGACCTAGAGTCTATTTTGTTGGTTGCGATTTTAGGTAATGATTAATAGGGATAGTTGGGGGTATTCATATTCAATTGTCAGAGGTGAAATTCTTGGATTTATGGAAGATGAACAACTGCGAAAGCATTTACCAAGGATGTTTTCA,0,0,0,0,0,0,0,0,5,9,0,0,0,0,0,0,0,0,0,0,0,0,0,0,1,0,0,0,0,0,0,0,0,0,0,0,0,0,3,0,0,0,0,0,0,0,0,0,0,0,0,0,0,5,0,0,0,1
AGCTCCAATAGCGTATATTAAAGTTGTTGCAGTTAAAAAGCTCGTAGTTGGATTTCTTGTACATGAAGCGGGTCGGCTCAAAGAGTCTGTACTAGCTTTCATGTACAATCCTCGTAACAAGCTATCGGTGAGTTAACTCCATTCGATAGTGAGTTGCGTCATTTACTGTGAACAAATTAGAGTGTTTAAAGCAGGCAAATGCTGTGAATACATTAGCATGGAATAATAAGATAGGACCTAGAGTCTATTTTGTTGGTTGCGATTTTAGGTAATGATTAATAGGGATAGTTGGGGGTATTCATATTCAATTGTCAGAGGTGAAATTCTTGGATTTATGGAAGATGAACAACTGCGAAAGCATTTACCAAGGATGTTTTCA,0,0,0,0,0,0,0,0,0,0,0,0,0,0,0,0,0,0,0,0,0,0,0,0,0,0,0,0,0,0,0,0,0,0,0,0,0,0,0,0,0,0,0,2,0,0,0,0,0,0,0,0,0,0,0,4,0,0
AGCTCCAATAGCGTATATTAAAGTTGTTGCAGTTAAAAAGCTCGTAGTTGGATTTCTTGTGTATGAAGCGGGTCGGCTCAAAGAGTCTGTACTAGCTTTCATATACAATCCTCGTAACAAGCTGTTGAATGATTAAATTCTTTTGGCAGTGAGTTGCGTCATTTACTGTGAACAAATTAGAGTGTTTAAAGCAGGCAAATGCTGTGAATACATTAGCATGGAATAATAAGATAGGACCTAGAGTCTATTTTGTTGGTTGCGATTTTAGGTAATGATTAATAGGGATAGTTGGGGGTATTCATATTCAATTGTCAGAGGTGAAATTCTTGGATTTATGGAAGATGAACAACTGCGAAAGCATTTACCAAGGATGTTTTCA,0,0,0,0,0,3,0,0,0,0,0,0,0,0,0,0,0,0,0,0,0,0,0,0,0,0,0,0,0,0,0,0,0,0,0,0,0,0,0,0,0,0,0,0,0,0,0,0,0,0,0,0,0,0,0,0,0,0
AGCTCCAATAGCGTATATTAAAGTTGTTGCAGTTAAAAAGCTCGTAGTTGGATTTCTGGTGGGAGCACGGGTCGGCCCTCACGGGTTGTACTGTTGTTGCGTCCTACCGTTTCGGAGGGAATGGTCTCGCTATTAGGTTAGTGGGGTCGGGAACTCTGTCGTTTACTGTGAAAAAATTAGAGTGTTCAAAGCAGGCCTTCGCTGTGAATACATTAGCATGGAATAATAAGATAGGACTATGGTGCTATTTTGTTGGTTTGCGTACTATGGTAATGATTAATAGGGATAGTTGGGGGTATTCATATTCAATTGTCAGAGGTGAAATTCTTGGATTTATGGGAGATGAACTACTGCGAAAGCATTTACCAAGGATGTTTTCA,9,0,0,0,0,0,0,0,0,0,0,0,0,0,0,0,0,0,0,0,0,0,0,0,0,0,0,0,0,0,0,0,0,0,0,0,0,0,0,0,0,0,0,0,0,0,0,0,0,0,0,0,0,0,0,0,0,0
AGCTCCAATAGCGTATATTAAAGTTGTTGCAGTTAAAAAGCTCGTAGTTGGATTTCTGGCAGGAGCACGGGTCGGCCCTCACGGGTTGTACTGTTGTTGCGTCCTGCCGTTTCGGAGGGAATGGTCTCGCTATTAGGTTAGTGGGGTCGGGAACTCTGTCGTTTACTGTGAAAAAATTAGAGTGTTCAAAGCAGGCCTTCGCTGTGAATACATTAGCATGGAATAATAAGATAGGACTATGGTGCTATTTTGTTGGTTTGCGTACTATGGTAATGATTAATAGGGATAGTTGGGGGTATTCATATTCAATTGTCAGAGGTGAAATTCTTGGATTTATGGAAGATGAACTACTGCGAAAGCATTTACCAAGGATGTTTTCA,0,0,0,0,0,0,0,0,0,0,0,0,0,0,0,0,0,0,0,0,0,0,0,0,0,0,0,0,0,0,0,0,0,0,0,0,0,0,0,0,0,0,0,1,0,0,0,0,0,0,0,0,0,0,0,0,0,0
AGCTCCAATAGCGTATATTAAAGTTGTTGCAGTTAAAAAGCTCGTAGTTGGATTTCTGGTGGGAGCACGGGTCGGCCTTCACGGGTTGTACTGTTGTTGCGTCCCGCCGTTTCGGAGGGAATGGTCTCGCTATTAAGTTAGCGTGATCGGGAACTCTGTCGTTTACTGTGAAAAAATTAGAGTGTTCAAAGCAGGCCTTCGCTGTGAATACATTAGCATGGAATAATAAGATAGGACTGTAGTGCTATTTTGTTGGTTTGCGTACTATGGTAATGATTAATAGGGATAGTTGGGGGTATTCATATTCAATTGTCAGAGGTGAAATTCTTGGATTTATGGAAGATGAACTACTGCGAAAGCATTTACCAAGGATGTTTTCA,0,0,0,0,0,0,0,0,0,0,0,0,0,0,0,0,0,0,0,2,0,0,0,0,0,0,0,0,0,0,0,0,0,0,0,0,0,0,0,0,0,0,0,0,0,0,0,0,0,0,0,0,0,0,0,0,0,0
AGCTCCAATAGCGTATATTAAAGTTGTTGCAGTTAAAAAGCTCGTAGTTGGATTTCTGATGGGAGTACGGGTCGGCCTTAACGGGTTGCACTGTTGTTACGTCTCGTCGTTTCGAGGGGAATGGGTTCGCTATTAGGTTAGTGGGCTCGGGAACCTTGTCGTTTACTGTGAAAAAATTAGAGTGTTCAAAGCAGGCCTTTGCTGTGAATACATTAGCATGGAATAATAAGATAGGACTGTAGTGCTATTTTGTTGGTTTGCGTACTATGGTAATGATTAATAGGGATAGTTGGGGGTATTCATATTCAATTGTCAGAGGTGAAATTCTTGGATTTATGGAAGATGAACTACTGCGAAAGCATTTACCAAGGATGTTTTCA,0,0,0,0,0,1,0,0,0,0,0,0,0,0,0,0,0,0,0,0,0,0,0,0,0,0,0,0,0,0,0,0,0,0,0,0,0,0,0,0,0,0,0,0,0,0,0,0,0,0,0,0,0,0,0,0,0,0
AGCTCCAATAGCGTATATTAAAGTTGTTGCAGTTAAAAAGCTCGTAGTTGGATTTCTGGTGAGAGTACGGGTCGGCCTTAACGGGTTGCACTGTTGTTACGTCTCGCCGTTTCTGGGGGAATGGGTTCGCTATTAGGTTAGTGGGCTCGGGAACCTGGTCGTTTACTGTGAAAAAATTAGAGTGTTCAAAGCAGGCCTTTGCTGTGAATACATTAGCATGGAATAATAAGATAGGACTGTAGTGCTATTTTGTTGGTTTGCGTACTATGGTAATGATTAATAGGGATAGTTGGGGGTATTCATATTCAATTGTCAGAGGTGAAATTCTTGGATTTATGGAAGATGAACTACTGCGAAAGCATTTACCAAGGATGTTTTCA,0,0,0,0,0,0,0,0,0,0,0,0,0,0,0,0,0,0,0,0,0,0,0,0,0,0,0,0,0,0,0,0,0,0,0,0,0,0,0,0,0,1,0,0,0,0,0,0,0,0,0,0,0,0,0,0,0,0
AGCTCCAATAGCGTATATTAAAGTTGTTGCAGTTAAAAAGCTCGTAGTTGGATTTCTGGCGGGAGTCCGGGTCGGCCTTAACGGGTTGCACTGTTGTGACGTCTCGCCGTTTCGAGGGGAATGGGCTCGCTATTAGGTTAGTGTGCTCGGGAACCTCGTCGTTTACTGTGAAAAAATTAGAGTGTTCAAAGCAGGCCTTTGCTGTGAATACATTAGCATGGAATAATAAGATAGGACTGTAGTGCTATTTTGTTGGTTTGCGTACTATGGTAATGATTAATAGGGATAGTTGGGGGTATTCATATTCAATTGTCAGAGGTGAAATTCTTGGATTTATGGAAGATGAACTACTGCGAAAGCATTTACCAAGGATGTTTTCA,0,0,0,1,1,1,0,0,0,0,0,0,2,0,0,0,0,0,1,0,0,0,0,0,0,0,0,8,0,10,0,3,0,3,0,2,0,2,0,0,0,1,7,0,0,0,0,0,0,0,0,0,0,0,0,0,1,0
AGCTCCAATAGCGTATATTAAAGTTGTTGCAGTTAAAAAGCTCGTAGTTGGATTTCTGGTGGGAGTCCGGGTCGGCCTTAACGGGTTGCACTGTTGTGACGTCTCGCCGTTTCGAGGGGAATGGGCTCGCTATTAGGTTAGTGTGCTCGGGAACCTCGTCGTTTACTGTGAAAAAATTAGAGTGTTCAAAGCAGGCCTTTGCTGTGAATACATTAGCATGGAATAATAAGATAGGACTGTAGTGCTATTTTGTTGGTTTGCGTACTATGGTAATGATTAATAGGGATAGTTGGGGGTATTCATATTCAATTGTCAGAGGTGAAATTCTTGGATTTATGGAAGATGAACTACTGCGAAAGCATTTACCAAGGATGTTTTCA,0,0,0,0,0,0,2,0,0,0,0,0,0,0,0,0,0,0,0,0,0,0,0,0,0,0,0,0,0,0,0,0,0,0,0,0,0,0,0,0,0,0,0,0,0,0,0,0,0,0,0,0,0,0,0,0,0,0
AGCTCCAATAGCGTATATTAAAGTTGTTGCAGTTAAAAAGCTCGTAGTTGGATTTCTGTCGAGAGTCCGGGTCGGCCTTAACGGGTTGCACTGTTGTGACGTCTCGTCGTTTCGGGGGGAATGGGCTCGCTATTAGGTTAGTGTGTTCGGGAACCCCGTCGTTTACTGTGAAAAAATTAGAGTGTTCAAAGCAGGCCTTTGCTGTGAATACATTAGCATGGAATAATAAGATAGGACTGTAGTGCTATTTTGTTGGTTTGCGTACTATGGTAATGATTAATAGGGATAGTTGGGGGTATTCATATTCAATTGTCAGAGGTGAAATTCTTGGATTTATGGAAGATGAACTACTGCGAAAGCATTTACCAAGGATGTTTTCA,0,0,0,0,0,0,0,0,0,0,0,0,0,0,0,0,0,0,0,0,0,0,0,0,0,0,0,0,0,0,0,0,0,0,0,3,0,0,0,0,0,0,0,1,0,0,0,1,0,0,0,0,0,0,0,0,0,0
AGCTCCAATAGCGTATATTAAAGTTGTTGCAGTTAAAAAGCTCGTAGTTGGATTTCTGTCGAGAGTCCGGGTCGGCCTTAACGGGTTGCACTGCTGTAACGTCTCGTCGTTTCGGGGGGAATGGGCTCGCTATTAGGTTAGTGTGTTCGGGAACCCCGTCGTTTACTGTGAAAAAATTAGAGTGTTCAAAGCAGGCCTTTGCTGTGAATACATTAGCATGGAATAATAAGATAGGACTGTAGTGCTATTTTGTTGGTTTGCGTACTATGGTAATGATTAATAGGGATAGTTGGGGGTATTCATATTCAATTGTCAGAGGTGAAATTCTTGGATTTATGGAAGATGAACTACTGCGAAAGCATTTACCAAGGATGTTTTCA,0,0,0,0,0,0,0,0,0,0,0,0,0,0,0,4,0,0,0,0,0,0,0,0,0,0,0,0,0,0,0,0,0,0,0,0,0,0,0,0,0,0,0,0,0,0,0,0,0,0,0,0,0,0,0,0,0,0
AGCTCCAATAGCATATACTAAAGTTGTTGCAGTTAAAAAGCTCGTAGTTGGATTTCTGTGTGATAGGGACGGGAAGGCGCCTTGTAGCGTTTTTTCTGACTTCTCGCGCATCTTGCCACAAACCATGGTACTCTTAATTGAAGTGTCGTTGGGGATTGGCTCGTTTACTTTGAAAAAAATAGAGTGTTTAAAGCAAGGTTTTCCTCTAAATAAGTTAGCATGGAATAATGATAAAGGACTTTGGTTCTATTTGTTGGTGTTCGGGATTGAAGTAATGATTGATAGGGATAGTTGGGGGCATTAGTATTCAAAAGCGAGAGGTGAAATTCTTAGACCTTTTGAAGACTAGCTGCTGCGAAAGCGTTTGCCAAGGATATTCCCT,0,0,0,0,0,0,0,0,0,0,0,0,3,0,0,0,0,0,0,0,0,0,26,0,0,0,0,0,0,0,0,0,0,0,0,0,0,0,9,0,0,0,0,0,0,0,2,0,0,0,9,0,0,0,0,0,9,0
AGCTCCAATAGCATATACTAAAGTTGTTGCAGTTAAAAAGCTCGTAGTTGGATTTCTGTGTGATAGGGACGGGAAGGCGCCTTGTAGCGTTTTTTCTGACTTCTCGCGCATCTTGCCACAAACCATGGTACTCTTAATTGAAGTGTCGTTGGGGATTGGCTCGTTTACTCTGAAAAAAATAGAGTGTTTAAAGCAAGGTTTTCCTCTAAATAAGTTAGCATGGAATAATGATAAAGGACTTTGGTTCTATTTGTTGGTGTTCGGGATTGAAGTAATGATTGATAGGGATAGTTGGGGGCATTAGTATTCAAAAGCGAGAGGTGAAATTCTTAGACCTTTTGAAGACTAGCTGCTGCGAAAGCGTTTGCCAAGGATATTCCCT,0,0,0,0,0,0,0,0,0,0,0,0,0,0,0,0,0,0,0,1,0,0,0,0,0,0,0,0,0,0,0,0,0,0,0,0,0,0,0,0,0,0,0,0,0,0,0,0,0,0,0,0,0,0,0,0,0,0
AGCTCCAATAGCGTATATTAAAGTTGTTGCAGTTAAAAGCTCGTAGTTGGATTTCTGTGTCAAGCTTCTGGTCCGCCGCACTGCGGTGCTGACTAAGTCGCGTTGACTCATCCTTGTGGGAATCAGTCTGGGCTTCACTGTCCGGCTGTTGCACCGCATCTTTTACTGTGAAAAAATTAGAGTGTTCAAAGCAGGCTTACGCTGTGAATACATTAGCATGGAATAATAATATAGGACTTTGGTTCTATTTTGTTGGTTGGAGACCAAGGTAATGATTAATAGGGATAGTTGGGGGTATTCATATTTAATTGTCAGAGGTGAAATTCTTGGATTTATGAAAGATGAACTTATGCGAAAGCATTTACCAAGGATGTTTTCA,0,0,0,0,0,0,0,0,0,0,0,0,0,0,0,0,0,0,0,0,0,0,0,0,0,0,0,6,0,0,0,0,0,0,0,0,0,0,0,0,0,0,0,0,0,0,0,0,0,0,0,0,0,0,0,0,0,0
AGCTCCAATAGCGTATATTAAAGTTGTTGCAGTTAAAAAGCTCGTAGTTGGATTTCTGAATCAAGCGCTTGGACCGGTACTGTGTACTGTGATCCTTGAGGCTGGGTTCATCCTTGTGGAGAAGGCGGTTGGCATTAGGTTGTCGCCGTCGGAACCACATCGTTTACTGTGAAAAAATTAGAGTGTTCAAAGCAGGCTTAGGCATTGAATACATTAGCATGGAATAATAAGATAGGACTCTGGTTCTATTTTGTTGGTTGGAGGCCAGAGTAATGATTAATAGGGATAGTTGGGGGTATTCATATTTAATTGTCAGAGGTGAAATTCTTGGATTTATGAAAGATGAACGTATGCGAAAGCATTTACCAAGGATGTTTTCA,0,0,0,0,0,0,0,0,0,0,0,0,0,0,0,0,0,0,0,0,0,0,0,0,0,0,0,4,0,0,0,0,0,0,0,0,0,1,0,0,0,0,0,0,0,0,0,0,0,0,0,0,0,0,0,0,2,0
AGCTCCAATAGCGTATATTAATGTTGTTGCAGTTAAAAAGCTCGTAGTTGGATTTCTGGTGGGAGCGGCCGGTCCGCCGTAAGGTGTGTACTTGGTTGTCTCCTGTCATCCTTGTGGGAACTGCTCTGGCATTAAGTTGTCGGGGTTAGGGAACACATCGTTTACTGTGAAAAAATTAGAGTGTTTAAAGCAGGCTTATGCCGTTGAATACATTAGCATGGAATAATAAGATAGGACTTTGGCGTCTATTTTGTTGGTTTGCACACCAAGGTAATGATTAATAGGGATAGTTGGGGGTATTCGTATTTAATTGTCAGAGGTGAAATTCTTGGATTTATGAAAGACGAACTTCTGCGAAAGCATTTACCAAAGATGTTTTCA,0,0,5,3,0,0,7,0,0,0,0,0,0,0,0,33,0,3,0,0,0,0,0,0,0,0,0,24,6,5,0,4,0,0,0,3,0,0,0,0,0,1,0,4,0,7,0,0,0,0,0,0,0,0,0,0,2,0
AGCTCCAATAGCGTATATTAATGTTGTTACAGTTAAAAAGCTCGTAGTTGGATTTCTGGTGGGAGCGGCCGGTCCGCCGTAAGGTGTGTACTTGGTTGTCTCCTGTCATCCTTGTGGGAACTGCTCTGGCATTAAGTTGTCGGGGTTAGGGAACACATCGTTTACTGTGAAAAAATTAGAGTGTTTAAAGCAGGCTTATGCCGTTGAATACATTAGCATGGAATAATAAGATAGGACTTTGGCGTCTATTTTGTTGGTTTGCACACCAAGGTAATGATTAATAGGGATAGTTGGGGGTATTCGTATTTAATTGTCAGAGGTGAAATTCTTGGATTTATGAAAGACGAACTTCCGCGAAAGCATTTACCAAAGATGTTTTCA,0,0,0,0,0,0,0,0,0,0,0,0,0,0,0,0,0,0,0,0,0,0,0,0,0,0,0,0,0,0,0,0,0,0,8,0,0,0,0,0,0,0,0,0,0,0,0,0,0,0,0,0,0,0,0,0,0,0
AGCTCCAATAGCGTATATTAATGTTGTTGCAGTTAAAAAGCTCGTAGTTGGATTTCTGGTGGGAGCGGCCGGTCCGCCGCAAGGTGTGTACTTGGTTGTCTCCTGTCATCCTTGTGGGAACTGCTCTGGCATTAAGTTGTCGGGGTTAGGGAACACATCGTTTACTGTGAAAAAATTAGAGTGTTTAAAGCAGGCTTATGCCGTTGAATACATTAGCATGGAATAATAAGATAGGACTTTGGCGTCTATTTTGTTGGTTTGCACACCAAGGTAATGATTAATAGGGATAGTTGGGGGTATTCGTATTTAATTGTCAGAGGTGAAATTCTTGGATTTATGAAAGACGAACTTCTGCGAAAGCATTTACCAAAGATGTTTTCA,0,0,0,0,0,0,0,0,0,0,0,0,0,0,0,0,0,0,0,0,0,0,0,0,0,0,0,0,0,0,0,0,0,0,0,0,4,0,0,0,0,0,0,0,0,0,0,0,0,0,0,0,0,0,0,0,0,0
AGCTCCAATAGCGTATATTAATGTTGTTGCAGTTAAAAAGCTCGTAGTTGGGTTTCTGGTGGGAGCGGCCGGTCCGCCGCAAGGTGTGTACTTGGTTGTCTCCTGTCATCCTTGTGGGAACTGCTCTGGCATTAAGTTGTCGGGGTTAGGGAACACATCGTTTACTGTGAAAAAATTAGAGTGTTTAAAGCAGGCTTATGCCGTTGAATACATTAGCATGGAATAATAAGATAGGACTTTGGCGTCTATTTTGTTGGTTTGCACACCAAGGTAATGATTAATAGGGATAGTTGGGGGTATTCGTATTTAATTGTCAGAGGTGAAATTCTTGGATTTATGAAAGACGAACTTCTGCGAAAGCATTTACCAAAGATGTTTTCA,3,0,0,0,0,0,0,0,0,0,0,0,0,0,0,0,0,0,0,0,0,0,0,0,0,0,0,0,0,0,0,0,0,0,0,0,0,0,0,0,0,0,0,0,0,0,0,0,0,0,0,0,0,0,0,0,0,0
AGCTCCAATAGCGTATATTAATGTTGTTGCAGTTAAAAAGCTCGTAGTTGGATTTCTGGTGGGAGCGGCCGGTCCGCCGTAAGGTGTGTACTAGGTTGTCTCCTGTCATCCTTGTGGGAACTGCTCTGGCATTAAGTTGTCGGGGTTAGGGAACACATCGTTTACTGTGAAAAAATTAGAGTGTTTAAAGCAGGCTTATGCCGTTGAATACATTAGCATGGAATAATAAGATAGGACTTTGGCGTCTATTTTGTTGGTTTGCACACCAAGGTAATGATTAACAGGGATAGTTGGGGGTATTCGTATTTAATTGTCAGAGGTGAAATTCTTGGATTTATGAAAGACGAACTTCTGCGAAAGCATTTACCAAAGATGTTTTCA,0,0,0,0,0,0,0,0,0,0,0,0,0,0,0,0,0,0,0,1,0,0,0,0,0,0,0,0,0,0,0,0,0,0,0,0,0,0,0,0,0,0,0,0,0,0,0,0,0,0,0,0,0,0,0,0,0,0
AGCTCCAATAGCGTATATTAATGTTGTTGCAGTTAAAAAGCTCGTAGTTGGATTTCTGGTGGGAGCGGCCGGTCCGCCGTAAGGTGTGTACTAGGTTGTCTCCTGTCATCCTTGTGGGAACTGCTCTGGCATTAAGTTGTCGGGGTTAGGGAACACATCGTTTACTGTGAAAAAATTAGAGTGTTTAAAGCAGGCTTATGCCGTTGAATACATTAGCATGGAATAATAAGATAGGACTTTGGCGTCTATTTTGTTGGTTTGCACACCAAGGTAATGATTAATAGGGATAGTTGGGGGTATTCGTATTTAATTGTCAGAGGTGAAATTCTTGGATTTATGAAAGACGAACTTCTGCGAAAGCATTTACCAAAGATGTTTTCA,0,0,0,0,0,0,0,0,0,0,0,0,0,26,0,0,0,0,0,0,0,0,0,0,0,0,0,0,0,0,0,0,0,0,0,0,0,0,0,0,0,0,0,0,0,0,0,0,0,0,0,0,0,0,0,0,0,0
AGCTCCAATAGCGTATATTAATGTTGTTGCAGTTAAAAAGCTCGTAGTTGGATTTCTGGTGGGAGCGGCCGGTCCGCCGTAAGGTGTGTACTAGGTTGTCTCCTGTCATCCTTGTGGGAACTGCTCTGGCATTAAGTTGTCGGGGTTAGGGAACACATCGTTTACTGTGAAAAAATTAGAGTGTTTAAAGCAGGCTTATGCCGTTGAATACATTAGCATGGAACAATAAGATAGGACTTTGGCGTCTATTTTGTTGGTTTGCGCACCAAGGTAATGATTAAAAGGGATAGTTGGGGGTATTCGTATTTAATTGTCAGAGGTGAAATTCTTGGATTTATGAAAGACGAACTTCTGCGAAAGCATTTACCAAAGATGTTGTCA,0,0,0,0,0,0,0,0,0,0,0,2,0,0,0,0,0,0,0,0,0,0,0,0,0,0,0,0,0,0,0,0,0,0,0,0,0,0,0,0,0,0,0,0,0,0,0,0,0,0,0,0,0,0,0,0,0,0
AGCTCCAATAGCGTATATTAATGTTGTTGCAGTTAAAAAGCTCGTAGTTGGATTTCTGGTGGGAGCGGCCGGTCCGCCGTAAGGTGTGTACTTGGTTGCCTCCTGTCATCCTTGTGGGAACTGCTCTGGCATTAAGTTGTCGGGGTTAGGGAACACATCGTTTACTGTGAAAAAATTAGAGTGTTTAAAGCAGGCTTATGCCGTTGAATACATTAGCATGGAATAATAAGATAGGACTTTGGCGTCTATTTTGTTGGTTTGCACACCAAGGTAATGATTAATAGGGATAGTTGGGGGTATTCGTATTTAATTGTCAGAGGTGAAATTCTTGGATTTATGAAAGACGAACTTCTGCGAAAGCATTTACCAAAGATGTTTTCA,0,0,0,0,0,0,0,0,0,0,0,0,0,0,0,0,0,0,0,0,0,0,0,0,0,0,0,0,0,0,0,0,0,0,0,0,0,4,0,0,0,0,0,0,0,0,0,0,0,0,0,0,0,0,0,0,0,0
AGCTCCAATAGCGTATATTAAAGTTGTTGCAGTTAAAAAGCTCGTAGTTGGATTTCTGGCAGGAGCGACCGGTCCGCCGCAAGGTGTGCACTAGGTCGTCTCCAGTCATCTTTGTGGGAACTGCTCTGGCATTAGGTTGTCGGGGTTAGGGAACACATCGTTTACTGTGAAAAAATTAGAGTGTTTAAAGCAGGCTTATGCCGTTGAATACATTAGCATGGAATAATAAGATAGGACTTTGGTGGTCTATTTTGTTGGTTTGCACACCAAGGTAATGATTAATAGGGATAGTTGGGGGTATTCGTATTTAATTGTCAGAGGTGAAATTCTTGGATTTATGAAAGACGAACTACTGCGAAAGCATTTACCAAAGATGTTTTCA,0,6,2,1,0,6,0,0,0,0,0,1,0,0,0,0,3,0,0,0,0,0,0,2,2,6,2,0,0,0,0,0,0,3,0,0,0,2,2,3,0,2,2,7,8,7,5,5,0,0,0,1,0,0,0,1,0,2
AGCTCCAATAGCGTATATTAAAGTTGTTGCAGTTAAAAAGCTCGTAGTTGGATTTCTGGCAGGAGCGACCGGTCCGCCGCAAGGTGTGCACTAGGTCGTCTCCAGTCATCTTTGTGGAAACTGCTCTGGCATTAGGTTGTCGGGGTTAGGGAACACATCGTTTACTGTGAAAAAATTAGAGTGTTTAAAGCAGGCTTATGCCGTTGAATACATTAGCATGGAATAATAAGATAGGACTTTGGTGGTCTATTTTGTTGGTTTGCACACCAAGGTAATGATTAATAGGGATAGTTGGGGGTATTCGTATTTAATTGTCAGAGGTGAAATTCTTGGATTTATGAAAGACGAACTACTGCGAAAGCATTTACCAAAGATGTTTTCA,0,0,0,0,0,0,0,0,0,0,0,0,0,0,0,0,0,0,0,0,0,0,0,0,0,0,0,0,0,0,0,0,0,0,9,0,0,0,0,0,0,0,0,0,0,0,0,0,0,0,0,0,0,0,0,0,0,0
AGCTCCAATAGCGTATATTAAAGTTGTTGCAGTTAAAAAGCTCGTAGTTGGATTTCTGGTAGGAGCGGCCGATCCGCCCCGTTAGGGGTGTGCATTAGCGCTGTCTCTGGCCATCCTTGGGGGAACTGCGCGGGGAGACTTGCGTTCGGGAACCCATCGTTTACTGTGAAAAAATTAGAGTGTTTAAAGCAGGCTTATGCCGTTGAATACATTAGCATGGAATAATAAGATAGGACCGCGTGGTCGTCTTGTTGGTTTGCACCGCGAGGTAATGATTAATAGGTACAGTTGGGGGTATTCGTATTTAATTGTCAGAGGTGAAATTCTTGGATTTATGAAAGACGAACTTCTGCGAAAGCATTTACCAAGGATGTTTTCA,0,3,4,12,3,3,1,0,0,0,0,0,3,7,0,0,0,0,0,0,0,0,1,0,0,0,0,0,3,5,0,4,0,3,0,1,2,1,0,0,0,3,2,1,4,2,1,0,0,0,2,0,0,0,0,0,2,0
AGCTCCAATAGCGTACATTAATGTTGTTGCAGTTAAAAAGCTCGTAGTTGGATTTCTGGTGGGAGCGGCCGGTCCGCCGCAAGGTGTGTACTTGGTTGTCTCCTGTCATCCTTGTGGGAACTGCTCTGGCATTAAGTTGTCTGGGTTAGGGAGCACATCGTTTACTGTGAAAAAATTAGAGTGTTTAAAGCAGGCTTATGCCGTTGAATACATTGGCATGGAATAATAAGATAGAACCGCGTGGTCGTCTTGTTGGTTTGCACCGCGAGGTAATGATTAATAGGTACAGTTGGGGGTATTCGTATTTAATTGTCAGAGGTGAAATTCTTGGATTTATGAAAGACGGACTTCTGCGAAAGCATTTACCAAGGATGTTTTCA,0,0,0,0,0,0,0,0,0,0,0,0,0,0,0,0,0,0,0,0,0,0,0,0,0,0,0,1,0,0,0,0,0,0,0,0,0,0,0,0,0,0,0,0,0,0,0,0,0,0,0,0,0,0,0,0,0,0
AGCTCCAATAGCGTATATTAAAGTTGTTGCAGTTAAAAAGCTCGTAGTTGGATTTCTGATGGAGACTGCCGGTCCGGCGCCTCTGGTGCTGTGTACTGGTGTGTTTTCGTCTTCCTTGTGGGGAACTTGTCTGGCATTGGTTTGTCGGGCTTGGGAGCCACATCATTTACTGTGAAAAAATTAGAGTGTTTAAAGCAGGCATATGCCTTGAATACATTAGCATGGAATAATAAGATAGGACTTGGCCTATTTTGTTGGTTTGCAAGCCAGAGTAATGATTAATAGGGATAGTTGGGGGTATTCGTATTTAATTGTCAGAGGTGAAATTCTTGGATTTATGAAAGACGAACAACTGCGAAAGCATCTACCAAGGATGTTTTCA,0,0,0,0,0,0,0,0,0,0,0,0,0,0,0,0,0,0,0,1,0,0,0,0,0,0,0,0,0,0,0,0,0,0,0,0,0,0,0,0,0,0,0,0,0,0,0,0,0,0,0,0,0,0,0,0,0,0
AGCTCCAATAGCGTATATTAAAGTTGTTGCAGTTAAAAAGCTCGTAGTTGGACTTCTGCGGGTGGCGGCTGGTCGGGCCTCACGGCCTGAACTTGGCTCGCTGCCTGCATCTTTGGGGAGATCGTGTTTGGCATTAAGTTGTTGGGCATGTTATTCTCATCTTTTACTGTGAAAAAATTAGAGTGTTTAAAGCAGGCCACCGCCTTGAATACATTAGCATGGAATAATAAGATAGGACCGATGTCTATTTTGTTGGTTTACAGATGCCGGTAATGATTAATAGGGATAGTTGGGGGTATTCGTATTCAGTTGTCAGAGGTGAAATTCTTGGATTTTCGGAAGACGCACCACTGCGAAAGCATTTACCAAGGATGTTTTCA,0,0,0,0,0,3,0,0,0,0,0,0,0,0,0,0,0,1,0,0,8,0,0,0,0,0,0,0,0,0,0,1,0,0,0,0,0,2,0,0,0,0,2,0,0,0,0,0,0,0,0,0,0,0,0,0,1,0
AGCTCCAATAGCGTATATTAAAGTTGTTGCAGTTAAAAAGCTCGTAGTTGGACTTCTGCGGGTGGCGGCTGGTCGGGCCTCACGGCCTGAACTTGGCTCGCTGCCTGCATCTTTGGGGAGATCGTGTTTGGCATTAAGTTGTTGGGCATGTTATTCTCATCTTTTACTGTGAAAAAATTAGAGTGTTTAAAGCAGGCCCCCGCCTTGAATACATTAGCATGGAATAATAAGATAGGACCGATGTCTATCTTGTTGGTTTACAGATGCCGGTAATGATTAATAGGGATAGTTGGGGGTATTCGTATTCAGTTGTCAGAGGTGAAATTCCTGGATTTTCGGAAGACGCACCACTGCGAAAGCATTTACCAAGGATGTTTTCA,0,0,0,0,0,0,0,0,0,0,0,0,0,0,0,0,0,0,0,0,0,0,0,0,0,0,0,0,0,0,0,0,0,0,1,0,0,0,0,0,0,0,0,0,0,0,0,0,0,0,0,0,0,0,0,0,0,0
AGCTCCAATAGCGTATATTAAAGTTGTTGCAGTTAAAAAGCTCGTAGTTGGACTTCTGTGGGTGGCGGCTGGTCGGGCCTCACGGCCTGAACTTGGCTCGCTGCCCGCATCTTTGGGGAGATCGTGTGTGGCATTAAGTTGTTGTGCACGTTATTCTCATCTTTTACTGTGAAAAAATTAGAGTGTTTAAAGCAGGCCACCGCCTTGAATACATTAGCATGGAATAATAAGATAGGACCGATGTCTATTTTGTTGGTTTACAGATGCCGGTAATGATTAATAGGGATAGTTGGGGGTATTCGTATTCAGTTGTCAGAGGTGAAATTCTTGGATTTTCGGAAGACGCACCACTGCGAAAGCATTTACCAAGGATGTTTTCA,0,0,0,0,0,0,0,0,0,0,0,1,0,0,0,0,0,0,0,0,0,0,0,0,0,0,0,0,0,0,0,0,0,0,0,0,0,0,0,0,0,0,0,2,0,0,0,0,0,0,0,0,0,0,0,0,0,0
AGCTCCAAGAGCGTATATTAAAGTTGTTGCAGTTAAAAAGCTCGTAGTTGGATTTCTGGTACAACGCGCCTGGCCCGCTTTTGTGAGTGCCGGTGCGCGTTTGCCATCCTTCTAGAATCCGTTTCTACCCGGGTAACTGGGCCGGACTCGAGATCTAGATCTTTTACTTTGAAAAAATTAGAGTGTTTAAAGCAGGCCTTTGCTGTGAATACATTAGCATGGAATAATAATCTAGGACTTCGGTTCTATTTTGTTGGTTTCTAGTACTGAAGTAATGATTGATAGGGATAGTTGGGGGTGCTAGTATTGGCCGGCCAGAGGTGAAATTCTTGGATTCGGTCAAGACTAACTTATGCGAAAGCATTCACCAAGGATGTCTTCT,0,0,0,0,0,0,0,0,0,0,0,0,0,0,0,0,0,0,0,0,0,0,0,0,0,0,0,0,0,0,0,2,0,0,0,0,0,0,0,0,0,0,0,0,0,0,0,0,0,0,0,0,0,0,0,0,0,0
AGCTCCAAGAGCGTATATTAAAGTTGTTGCAGTTAAAAAGCTCGTAGTTGGATTTCTGGTACAGCGCGCCTGGCCCGCTTTTGTGAGTGCCGGTGCACGTTTGCCATCCTTCTAGAAACCGTTTCTACCCGGGCAACTGGGCCGGACTCGTGATCTAGATCTTTTACTTTGAAAAAATTAGAGTGTTTAAAGCAGGCTTTTGCTGTGAATACATTAGCATGGAATAATAATCTAGGACTTCGGTTCTATTTTGTTGGTTTCTAGTACTGAAGTAATGATTGATAGGGATAGTTGGGGGTGCTAGTATTGGCCGGCCAGAGGTGAAATTCTTGGATTCGGTCAAGACTAACTTATGCGAAAGCATTCACCAAGGATGTCTTCT,0,0,0,0,0,0,0,0,0,0,0,0,0,0,0,0,0,0,0,0,0,0,0,0,0,0,0,0,0,0,0,0,0,0,4,0,0,0,0,0,0,0,0,0,0,0,0,0,0,0,0,0,0,0,0,0,0,0
AGCTCCAATAGCGTATATTAAAATTGTTGCGGTTAAAACGCTCGTAGTTGGATATCTGCTAAGGGGTTCCGGTCCTTCCAAGTGGAGAATACGCGGAACTCTTCTTGGCATTTGTTCAGGGAAGATGTTTGCTCTTCATTGAGTGTCATTTGATCTGAATTTTTACTTTGAAAAAATTAGAGTGTTCAAAGCAGGCTTTTGCTGTGAATACATTAGCATGGAATAATGATCTAGGACTTCGGTTCTATTTTGTTGGTTTCTAGTACTGAAGTAATGATTGATAGGGATAGTTGGGGGTGCTAGTATTGGCCGGCCAGAGGTGAAATTCTTGGATTCGGTCAAGACTAACTTATGCGAAAGCATTCACCAAGGATGTCTTCT,0,0,0,0,0,0,0,0,0,0,0,0,0,0,0,0,0,0,0,1,0,0,0,0,0,0,0,0,0,0,0,0,0,0,0,0,0,0,0,0,0,0,0,0,0,0,0,0,0,0,0,0,0,0,0,0,0,0
AGCTCCAATAGCGTATATTAAAATTGTTACGGTTAAAACGCTCGTAGTTGGATATCTGTGAGCGGGTTCCGGTCCTTCCCAGTGAAGATTACACGGAACTCTGCTCGCATTTGTTCAGGGAGGGTGGATGCACTTCACTGTGTGACCACATGATCTGAATTTTTACTTTGAGGAAATGAGAGTGTTCAAAGCAGGCATATCGCTGTGAATACATTAGCATGGAATAATAATCTAGGACTTGTGTTCTATTTTGTTGGTCCTAGAACGGGAGTAATGATTGATAGGGATAGTTGGGGGTGCTAGTATTCGGCGGCCAGAGGTGAAATTCTTGGATTCGCTGAGGACTAACTTATGCGAAAGCATTCACCAAGGATGTCTTCT,0,0,0,0,0,0,0,0,0,0,0,0,0,0,0,0,0,0,0,0,0,0,0,0,0,0,0,0,0,0,0,0,0,0,0,0,2,0,0,0,0,0,0,0,0,0,0,0,0,0,0,0,0,0,0,0,0,0
AGCTTCAATAGCGTATATTAAAGTTGTTGCGGTTAAAAAGCTCGTAGTTGGATTTCTGTCTAGGGTGGCCGGTGCCCACTATGTGAAGCATCTGGTTCAGTCTGGGCATCCTCTTGGGGATCGTTTCCGTGCTTGATTGCATGGGGCGGAATTCAAGACTTTTACTTTGAGGAAATTAGAGTGTTCACGGCAAGCTTTCGCTTTGAATACATTAGCATGGAATAATAATATAGGGCGTAAGTTCTATTTTGTTGGTTTCTAGAATTGAAGTAATGATTGATAGGGATAGTTGGGGGTGCTAGTATTGAGTGGCCAGAGGTGAAATTCTTGGATTCACTCAAGACTAACTTATGCGAAAGCATTCACCAAGGATGTCTTCT,0,0,0,0,0,0,0,0,0,0,0,0,0,0,0,0,0,0,0,0,0,0,0,0,0,0,0,0,0,0,0,0,0,0,1,0,0,0,0,0,0,0,0,0,0,0,0,0,0,0,0,0,0,0,0,0,0,0
AGCTCCAATAGCGTATATTAAAGTTGTTGCGGTTAAAAAGCTCGTAGTTGGATTTCTGCTTGGATAGGCTTGTGCAAACCCTGTTTGTCACGGAGCTTTTTTCGAGCATCTTCTTGGGGAACGTTGCTGCACTTGACTGTGTGGTGCGGTATTCAAGACTTTTACTTTGAGGAAATTAGAGTGTTTCAAGCAGGCTGTCGCCATGAATACGTTAGCATGGAATAATGATATAGGACTTGAGTGCCTTTTTGTTGGTTTGAGCACTGAAGTAATGATTAATAGGGACAGTTGGGGGCATTAGTATTCAAAGGTCAGAGGTGAAATTCTTGGATTCCTTGAAGACTAACTACTGCGAAAGCATTTGCCAAGGATGTTTTCA,0,0,0,0,0,0,0,0,0,0,0,0,0,0,0,0,0,0,0,0,0,0,0,0.5,0,0,0,0,0,0,0,0,0,0,0,0,0,0,0,0,0,0,0,0,0,0,0,0,0,0,0,0,0,0,0,0,0,0
AGCTCCAATAGCGTATATTAAAGTTGTTGCGGTTAAAAAGCTCGTAGTTGGATTTCTGTGGCAATCGTCCGGTCCGCCCACTGGGTGAGCATCTGGTTCGCTAGCCACATCCTCTTGGATATCTCGCTGCACTTCACTGTGTGGCGCGTGACGCCAAGTCTTTTACTGTGAGGAAATTAGAGTGTTCAAGGCAGGCCTTTGTCTGAATACATTAGCATGGAATAATAAGATAGGACTTTGGCTCTATTTTGTTGGTTTTGAGATCCGAAGTAATGATTAATAGGGATGGCCGGGGGCATTCGTATTCGGTTGTCAGAGGTGAAATTCTTGGATTTACCGAAGACGGACTACTGCGAAAGCATTTGCCAAGGATGTTTTCA,0,0,0,0,0,0,0,0,0,0,0,0,0,0,0,0,0,0,0,0,0,3,0,0,0,0,0,0,0,0,0,0,0,0,0,0,0,0,0,0,0,0,0,0,0,0,0,0,0,0,0,0,0,0,0,0,0,0
AGCTCCAATAGCGTATATTAAAGTTGTTGCGGTTAAAAAGCTCGTAGTTGGATTTCTGTGGCAATCGTCCGGTCCGCCCACTGGGTGAGCATCTGGTTCGCTAGCCACATCCTCTTGGATATCGCGCTGCACTTCACTGTGTGGCGCGTGACGCCAAGTCTTTTACTGTGAGGAAATTAGAGTGTTCAAGGCAGGCCTTTGTCTGAATACATTAGCATGGAATAATAAGATAGGACTTTGGCTCTATTTTGTTGGTTTTGAGATCCGAAGTAATGATTAATAGGGATGGCCGGGGGCATTCGCATTCGGTTGTCAGAGGTAAAATTCTTGGATTTACCGAAGACGGACTACTGCGAAAGCATTTGCCAAGGATGTTTTCA,0,0,0,0,0,0,0,0,0,0,0,0,0,0,0,0,0,0,0,0,0,0,0,0,0,0,0,0,0,0,0,0,0,0,0,0,1,0,0,0,0,0,0,0,0,0,0,0,0,0,0,0,0,0,0,0,0,0
AGCTCCAATAGCGTATATTAAAGTTGTTGCGGTTAAAAAGCTCGTAGTTGGATTTCTGTGGCAATCGTCCGGTCCGCCCACTGGGTGAGCATCTGGTTCGCTAGCCACATCCTCTTGGATATCGCGCTGCACTTCACTGTGTGGCTCGTGACGTCAAGTCTTTTACTGTGAGGAAATTAGAGTGTTCAAGGCAGGCCTTTGTCTGAATACATTAGCATGGAATAATAAGATAGGACTTTGGCTCTATTTTGTTGGTTTTGAGATCCGAAGTAATGATTAATAGGGATGGCCGGGGGCATTCGTATTCGGTTGTCAGAGGTGAAATTCTTGGATTTACCGAAGACGGACTACTGCGAAAGCATTTGCCAAGGATGTTTTCA,0,0,0,0,0,0,0,0,0,0,0,0,0,0,0,0,0,0,0,0,0,0,0,0,0,0,0,0,0,0,0,0,0,1,0,0,0,0,0,0,0,0,0,0,0,0,0,0,0,0,0,0,0,0,0,0,0,0
AGCTCCAATAGCGTATATTAAAGTTGTTGCGGTTAAAAAGCTCGTAGTTGGATTTCTGTGGCAATCGTCCGGTCCGCCCACTGGGTGAGCATCTGGCTCGCTAGCCACATCCTCTTGGATATCTCGCTGCACTTCACTGTGTGGCGCGTGACGCCAAGTCTTTTACTGTGAGGAAATTAGAGTGTTCAAGGCAGGCCTTTGTCTGAATACATTAGCATGGAATAATAAGATAGGACTTTGGCTCTATTTTGTTGGTTTTGAGATCCGAAGTAATGATTAATAGGGATGGCCGGGGGCATTCGTATTCGGTTGTCAGAGGTGAAATTCTTGGATTTACCGAAGACGGACTACTGCGAAAGCATTTGCCAAGGATGTTTTCA,0,0,0,0,0,0,0,0,0,0,0,0,0,0,0,0,0,0,0,0,0,0,0,0,0,0,0,0,0,0,0,0,0,0,2,0,0,0,0,0,0,0,0,0,0,0,0,0,0,0,0,0,0,0,0,0,0,0
AGCTCCAATAGCGTATATTAAAGTTGTTGCGGTTAAAAAGCTCGTAGTTGGATTTCTGCTGAGGACAACCGGTCCGCCTTCTGGGTGAGTATTTGGAGTGTCTTTGGCATCATCTTGGGGAACATGCTGCACTTGACTGTGTGGCGTGGTATCTTAGACATTTACTTTGAGGAAATTAGAGTGTTAATTGCAGGCATGAGCCTTGAATACATTAGCATGGAATAATAATATAGGACCCTGTCTTTATTTTGTTGGTTTTTGGAGCTGTGGTAATGATTAATAGGGATAGTTGGGGGCATTCATATTTAACTGCTAGAGGTGAAATTCTTGGATTTGTTAAAGATGAACTACTGCGAAAGCATTTGCCAAGTGTGTTTTTA,0,0,0,0,0,0,0,0,0,0,0,3,0,0,0,0,0,0,0,0,0,0,0,0,0,0,0,0,0,0,0,0,0,0,0,0,0,0,0,0,0,0,0,0,0,0,0,0,0,0,0,0,0,0,0,0,0,0
AGCTCCAATAGCGTATATTAAAGTTGTTGCGGTTGAAAAGCTCGTAGTTGGAATTCTGTCTAGAGCAACTAGTCCGCTCATTGGGTGTGCATTTGGTTCGCTCTTGGCATTCTTCAGATTAGCTGTAATGCATTTGACTGTGTGTCCTGGGGATCTGATCTTTTACTTTGAGGAAATTAAAGTGTTTCACGCAGGCATACGCCTTGAATTTGATAGCATGGAATAATGGTTTAGGACCTTAGTTCTAACTTGTTGGTTCTTAGGAAGAAGGTAATGGTTAACAGGGGTAATTGGGGGTATTCGTATTTAACTGTCAGAGGTGAAATTCTTGGATTTGTTAAAGACGGACAACTGCGAAAGCATTTGCCAAGGATGTTTTCA,0,0,0,0,0,0,0,0,0,0,0,0,0,0,0,0,0,0,0,0,0,0,0,0,0,0,0,0,0,0,0,0,0,0,2,0,0,0,0,0,0,0,0,0,0,0,0,0,0,0,0,0,0,0,0,0,0,0
AGCTCCAATAGCGTATATTAAAGTTGTTGCGGTTGAAAAGCTCGTAGTTGGAATTCTGTCTAGAGCAACTAGTCCGCTCATTGGGTGTGCATTTGGTTCGCTCTTGGCATTCTTCAGATTAGCTGTAATGCACTTGACTGTGTGTCCTGGGGATCCGATCTTTTACTTTGAGGAAATTAAAGTGTTTCACGCAGGCATACGCCTTGAATTTGATAGCATGGAATAATGGTTTAGGACCTTAGTTCTAACTTGTTGGTTCTTAGGAAGAAGGTAATGGTTAACAGGGGTAATTGGGGGTATTCGTATTTAACTGTCAGAGGTGAAATTCTTGGATTTGTTAAAGACGGACAACTGCGAAAGCATTTGCCAAGGATGTTTTCA,0,0,0,0,0,0,0,0,0,0,0,0,0,0,0,0,0,0,0,0,0,0,0,0,0,0,0,2,0,0,0,0,0,0,0,0,0,0,0,0,0,0,0,0,0,0,0,0,0,0,0,0,0,0,0,0,0,0
AGCTCCAATAGCGTATATTAAAGTTGTTGCGGTTGAAAAGCTCGTAGTTGGAATTCTGTCTAGAGCAACTAGTCCGCTCATTGGGTGTGCATTTGGTTCGCTCTTGGCATTCTTCAGATTAGCTGTAATGCACTTGACTGTGTGTCCTGGGGATCTGATCTTTTACTTTGAGGAAATTAAAGTGTTTCACGCAGGCATACGCCTTGAATTTGATAGCATGGAATAATGGTTTAGGACCTTAGTTCTAACTTGTTGGTTCTTAGGAAGAAGGTAATGGTTAACAGGGATAATTGGGGGTATTCGTATTTAACTGTCAGAGGTGAAATTCTTGGATTTGTTAAAGACGGACAACTGCGAAAGCATTTGCCAAGGATGTTTTCA,0,0,0,0,0,0,0,0,0,0,0,0,0,40,0,38,0,0,0,0,0,0,0,0,0,0,0,0,0,0,0,0,0,0,0,0,0,0,0,0,0,0,0,0,0,0,0,0,0,0,0,0,0,0,0,0,0,0
AGCTCCAATAGCGTATATTAAAGTTGTTGCGGTTAAAAAGCTCGTAGTTGGAGTTCTGCCAGGTGCCGCCTGCCCGCCCCAGTGGTGAGTACGTGGCGCGCATTTGGCCCTTTCAAGGGGAGCGTATCTGCACTTTATTGTGTGGTGCGGGATCCTTGACTTTTACTTTGAGGAAATTAGAGTGTTTCAAGCAGGCGCACGCCCTGAACACATTAGCATGGAATAATGAGATAGGACCTTGGCTCTATTTTGTTGGTTTCTAGAGCTGAGGTAATGATTAATAGGGATAGTCGGGGGCATTCGTATTTAACTGTCAGAGGTGAAATTCTTGGATTTGTTAAAGACGGACTACTGCGAAAGCATTTGCCAAGGATGTTTTCA,0,0,0,0,0,0,0,0,0,0,0,0,0,0,0,0,0,0,0,0,0,0,0,0,0,0,0,1,0,0,0,0,0,0,0,0,0,0,0,0,0,0,0,0,0,0,0,0,0,0,0,0,0,0,0,0,0,0
AGCTCCAATAGCGTATATTAAAGTTGTTGCGGTTAAAAAGCTCGTAGTTGGAGTTCTGCCAGGTGCCGCCTGTCCGCCCCAGTGGTGAGTACGTGGCGCGCATTTGGCCCCTTCAAGGGGAGCGTATCTGCACTTTACTGTGTGGTGCGGGATCCTTGACTTTTACTTTGAGGAAATTAGAGTGTTTCAAGCAGGCGTGCGCCTTGAATACATTAGCATGGAATAATAAGATAGGACCTTAGTTCTATTTTGTTGGTTTCTAGAGCTGGGGTAAAGATTAATAGGGATAGTTGGGGGCATTCGTATTTAACTGTCAGAGGTGAAATTCTTGGATTTGTTAAAGACGGACTACTGCGAAAGCATTTGCCAAGGATGTTTTCA,0,1,0,0,0,0,0,0,0,0,0,0,0,0,0,0,0,0,0,0,0,0,0,0,0,0,0,0,0,0,0,0,0,0,0,0,0,0,0,0,0,0,0,0,0,0,0,0,0,0,0,0,0,0,0,0,0,0
AGCTCCAATAGCGTATATTGAAGTTGCTGCGGTTGAAAAGTTCGTAGTTGGATTTCTGCCAAGGACGACCGGTCCGCCCCTTGGGTGAGCACCTGGCTCGGCCTCGGCATCTTCTTGGGGAGCGTGGCTGTACTTGACTGTGTGGCGCGGTGTCCAGGACTTTTACTTTGAGGAAATTAGAGTGTTTCAAGCAGGCTCACGCCTTGAATACATTAGCATGGAATAATAAGATAAGACCTTGGTTTATTTTGTTGGTTTCTAGACCCGAGGTAATGGTTAATAGGGATAGTTGGGGGCATTCGTATTTAACTGTCAGAGGTGAAATTCTTGGATTTGTTAAGGACGGACCACTGCGAAAGCATTTGCCAAGAATGTTTTCA,0,0,0,1,0,0,0,0,0,0,0,0,0,0,0,0,0,0,0,0,0,0,0,0,0,0,0,0,0,0,0,0,0,0,0,0,0,0,0,0,0,0,0,0,1,0,0,0,0,0,0,0,0,0,0,0,0,0
AGCTCCAATAGCATATATTAAAGTTGTTGCGGTTAAAAAGCTCGTAGTTGGATTTCTGTTGAGGACGACCGGTCCGCCCTTTGGGTGAGCACCAGGCTCGGTCTTGACATATTTTTGGAGAACGTATCTGCACTTGACTGTGTGGTGCGGCATCCAGGACTTTTACTTTGAGGAAATTAGAGTGTTTCAAGCAGGCGCACGCCTTGAATACATTAGCATGGGATAATAACATAGGATCGTGGTTCTATTTTGTTGGTTTCTAGAGCCGAGGTAATGATCGATAGGGACAGTTGGGGGCATTCGTATTTAACTGTCAGAGGTGAAATTCTTGGATTTGTTAAAGACGGACTACTGCGAAAGCATTTGCCAAGGATGTTTTCA,0,0,0,0,0,0,0,0,0,0,0,0,0,0,0,0,0,0,0,0,0,0,0,0,0,2,0,0,0,0,0,0,0,0,0,0,0,0,0,0,0,0,0,0,0,0,0,0,0,0,0,0,0,0,0,0,0,0
AGCTCCAATAGCGTATATTAAAGTTGTTGCGGTTAAAAAGCTCGTAGTTGGATTTCTGCTGAGGACGACCGGTCCGCCCTCTGGGTGAGTATCTGGCTCGGCCTTGGCATCTTCTTGGAGAACGTTGCTGCACTTGACTGTGTGGTGCGGTATCCAAGACTTTTACTTTGAGGAAATTAGAGTGTTTCAAGCAGGCGCACGCCTTGAATACATTAGCATGGAATAATGAGATAGGACCTTGGTTCTATTTTGTTGGTTTCTAGAGCTGAGGTAATGATTAATAGGGATAGTTGGGGGCATTCGTATTTAACTGTCAGAGGTGAAATTCTTGGATTTGTTAAAGACGGACTACTGCGAAAGCATTTGCCAAGGATGTTTTCA,0,0,0,0,0,0,0,0,0,0,0,0,5,0,0,0,0,5,3,0,0,0,6,0,0,0,0,0,0,0,0,0,0,0,0,0,0,0,0,0,0,0,0,0,0,0,0,0,0,0,0,0,0,0,0,0,0,0
AGCTCCAATAGCGTATATCAAAGTTGTTGCGGTTAAAAGCTCGTAGTTGGATTTCTGCTGAGGACGACCGGTCCGCCCTCTGGGTGAGTATCTGGCTCGGCCTTGGCATCTTCTTGGAGAACGTTGCTGCACTTGACTGTGTGGTGCGGTATCCAAGACTTTTACTTTGAGGAAATTAGAGTGTTTCAAGCAGGCGCACGCCTTGAATACATTAGCATGGAATAATGAGATAGGACCTTGGTTCTATTTTGTTGGTTTCTAGAGCTGAGGTAATGATTAATAGGGATAGTTGGGGGCATTCGTATTTAACTGTCAGAGGTGAAATTCTTGGATTTGTTAAAGACGGACTACTGCGAAAGCATTTGCCAAGGATGTTTTCA,0,0,0,0,0,0,0,0,0,0,0,0,0,0,0,0,0,0,0,0,0,0,0,0,0,0,0,0,0,0,0,0,0,0,3,0,0,0,0,0,0,0,0,0,0,0,0,0,0,0,0,0,0,0,0,0,0,0
AGCTCCAATAGCGTATATTAAAGTTGTTGCGGTTAAAAAGCTCGTAGTTGGATTTCTGCTGAGGACGACCGGTCCGCCCTCTGGGTGAGTATCTGGCTCGGCCTTGGCATCTTCTTGGAGAACGTAACTGCACTTGACTGTGTGGTGCGGTATCCAAGACTTTTACTTTGAGGAAATTAGAGTGTTTCAAGCAGGCGCACGCCTTGAATACATTAGCATGGAATAATGAGATAGGACCTTGGTTCTATTTTGTTGGTTTCTAGAGCTGAGGTAATGATTAATAGGGATAGTTGGGGGCATTCGTATTTAACTGTCAGAGGTGAAATTCTTGGATTTGTTAAAGACGGACTACTGCGAAAGCATTTGCCAAGGATGTTTTCA,0,0,0,0,0,0,0,0,0,0,0,0,0,0,0,0,0,0,0,0,0,0,0,0,0,0,0,0,0,0,0,0,0,0,0,0,22,0,0,0,0,0,0,0,0,0,0,0,0,0,0,0,0,0,0,0,0,0
AGCTCCAATAGCGTATATTAAAGTTGTTGCGGTTAAAAAGCTCGTAGTTGGATTTCTGCTGAGGACGACCGGTCCGCCCTCTGGGTGAGTATCTGGCTCGGCCTTGGCATCTTCTTGGAGAACGTAACTGCACTTGACTGTGTGGTGCGGTATTCAGGACTTTTACTTTGAGGAAATTAGAGTGTTTCAAGCAGGCGCATGCCTTGAATACATTAGCATGGAATAATGAGATAGGACCTTGGTTCTATTTTGTTGGTTTCTAGAGCTGAGGTAATGATTAATAGGGATAGTTGGGGGCATTCGTATTTAACTGTCAGAGGTGAAATTCTTGGATTTGTTAAAGACGGACTACTGCGAAAGCATTTGCCAAGGATGTTTTCA,82,100,133,139,146,135,66,65,19,22,0,71,79,99,85,103,145,127,97,81,53,132,73,149.5,70,115,117,73,148,62,152,86,72,118,98,109,68,154,46,86,39,104,83,70,75,79,56,153,6,91,68,139,0,11,37,48,123,108
AGCTCCAATAGCGTATATTAAAGTTGTTGCGGTTAAAAAGCTCGTAGTTGGATTTCTGCTGAGGACGACCGGTCCGCCCTCTGGGTGAGTATCTGGCTCGGCCTTGGCATCTTCTTGGAGAACGTAACTGCACTTGACTGTGTGGTGCGGTATTCAGGACTTTTACTTTGAGGAAATTAGAGTGCTTCAAGCAGGCGATTGCCTTGAATACATTAGCATGGAATAATGAGATAGGACCTTGGTTCTATTTTGTTGGTTTCTAGAGCTGAGGTAATGATTAATAGGGATAGTTGGGGGCATTCGTATTTAACTGTCAGAGGTGAAATTCTTGGATTTGTTAAAGACGGACTACTGCGAAAGCATTTGCCAAGGATGTTTTCA,0,0,2,0,2,0,0,0,0,0,0,0,0,0,0,0,8,0,0,0,0,5,0,21,0,3,4,0,0,0,0,0,0,0,0,12,0,0,0,1,0,12,0,12,0,4,0,13,0,7,0,22,0,0,3,5,0,21
AGCTCCAATAGCGTATATTAAAGTTGTTGCGGTTAAAAAGCTCGTAGTTGGATTTCTGCTGAGGACGACCGGTCCGCCCTCTGGGTGAGTATCTGGCTCGGCCTTGGCATCTTCTTGGGGAACGTAACTGCACTTGACTGTGTGGTGCGGAATTCAAGACTTTTACTTTGAGGAAATTAGAGTGTTTCAAGCAGGCGCATGCCTTGAATACATTAGCATGGAATAATGAGATAGGACCTTGGTTCTATTTTGTTGGTTTCTAGAGCTGAGGTAATGATTAATAGGGATAGTTGGGGGCATTCGTATTTAACTGTCAGAGGTGAAATTCTTGGATTTGTTAAAGACGGACTACTGCGAAAGCATTTGCCAAGGATGTTTTCA,0,0,0,0,0,4,5,0,0,0,0,0,4,0,0,0,0,4,0,0,0,0,0,0,0,0,4,0,0,0,0,0,0,0,0,0,0,0,0,0,0,0,14,0,0,0,0,0,0,0,0,0,0,0,0,0,0,0
AGCTCCAATAGCGTATATTAAAGTTGTTGCGGTTAAAAAGCTCGTAGTTGGATTTCTGCTGAGGACGACCGGTCCGCCCTCTGGGTGAGTATCTGGCTCGGCCTTGGCATCTTCTTGGGGAACGTAACTGCACTTGACTGTGTGGTGCGGAATTCAAGACTTTTACTTTGAGGAAATTAGAGTGTTTCAAGCAGGCGTATGCCTTGAATACATTAGCATGGAATAATGAGATAGGACCTTGGTTCTATTTTGTTGGTTTCTAGAGCTGAGGTAATGATTAATAGGGATAGTTGGGGGCATTCGTATTTAACTGTCAGAGGTGAAATTCTTGGATTTGTTAAAGACGGACTACTGCGAAAGCATTTGCCAAGGATGTTTTCA,0,0,0,0,0,0,0,0,0,0,0,0,0,0,0,0,0,0,0,0,0,0,0,0,0,0,0,0,0,0,0,0,0,0,0,0,0,0,0,0,0,2,0,0,0,0,0,0,0,11,0,0,0,0,0,0,0,0
AGCTCCAATAGCGTATATTAAAGTTGTTGCGGTTAAAAAGCTCGTAGTTGGATTTCTGCTGAGGACGACCGGTCCGCCCTCTGGGTGAGTATCTGGCTCGGCCTTGGCATCTTCTTGGAGAACGTAACTGCACTTGACTGTGTGGTGCGGTATTCAAGACTTTTACTTTGAGGAAATTAGAGTGTTTCAAGCAGGCGCACGCCTTGAATACATTAGCATGGAATAATGAGATAGGACCTTGGTTCTATTTTGTTGGTTTCTAGAGCTGAGGTAATGATTAATAGGGATAGTTGGGGGCATTCGTATTTAACTGTCAGAGGTGAAATTCTTGGATTTGTTAAAGACGGACTACTGCGAAAGCATTTGCCAAGGATGTTTTCA,0,20,23,24,19,30,16,0,0,0,66,0,20,0,27,0,27,42,37,39,83,27,27,0,34,29,49,0,20,0,36,6,18,9,18,22,0,46,35,47,9,17,52,15,53,0,29,0,0,20,28,0,0,0,32,0,16,24
AGCTCCATCAGCATATATTAAAGTTGTTGCGGTTAAAAAGCTCGTAGTTGGACTTCTGCTCAGGACGAGCGGTCCGTCCGCTGGGCGTGTATCTGCTCCGGCCTTGGCATCTTCTTGAATATCGTATCTGCACTTGACTGTGTGGCGCGAGGTTCAAGACTTTTACTTTGAGGAAATTAGAGTGTTTCAAGCAGGCGAACGCCTTGAATACATTAGCATGGCATAATGAGATAGGACCTTTGTTCTATTTTGTTGGTTTCTAGGGCTAAGGTAATGATTAATAGGGATAGTTGGGGGCATTCGTATTTAACAGTCAGAGGTGAAATTCTTGGATTCGTTAAAGACGGACTAATGCGAAAGCATTTGCCAAGAATGTTTTCA,0,0,0,0,0,0,0,0,0,0,0,0,0,0,0,0,0,0,0,1,0,0,0,0,0,0,0,9,0,0,0,0,0,0,0,0,0,0,0,0,0,0,0,0,0,0,0,0,0,0,0,0,0,0,0,0,0,0
AGCTCCAATAGCGTATATTAAAGTTGTTGCGGTTAAAAAGCTCGTAGTTGGATTTCTGCTCAGGACGAGCGGTCCGTCCGCTGGGCGTGTATCTGCTCCGGCCTTGGCATCTTCTTGAATATCGTATCTGCACTTGACTGTGTGGCGCGAGGTTCAAGACTTTTACTTTGAGGAAATTAGAGTGTTTCAAGCAGGCGAACGCCTTGAATACATTAGCATGGCATAATGAGATAGGACCTTTGTTCTATTTTGTTGGTTTCTAGGGCTAAGGTAATGATTAATAGGGATAGTTGGGGGCATTCGTATTTAACAGTCAGAGGTGAAATTCTTGGATTCGTTAAAGACGGACTAATGCGAAAGCATTTGCCAAGAATGTTTTCA,0,0,0,0,0,0,0,0,0,0,0,0,0,0,0,0,0,0,0,0,0,0,0,0,0,0,0,0,0,0,0,0,0,0,0,0,1,0,0,0,0,0,0,0,0,0,0,0,0,0,0,0,0,0,0,0,0,0
AGCTCCAATAGCATATATTAAAGTTGTTGCGGTTAAAAAGCTCGTAGTTGGATTTCTGCTGAGGACGATCGGTCCGCCCTCTGGGTGAGTATCTGGCTCGGCCTTTGCATCTTCTTGAAGAACGCAACTGCACTTGACTGTGTGGGGCGGTATACAAGACTTTTACTTTGAGGAAATTAGAATGTTTAAAGTAGGCATATGCCTTGAATACATTAGCATGGAATAATGAGATAGGACCTTGGTTCTATTTTGTTGGTTTCTAGAATTGAGGTAATGATTAATAGGGATAGTTGGGGGCATTCGTATTTAACTGTCAGAGGTGAAATTCTTGGATTTGTTAAAGACGGACTACTGCGAAAGCATTTGCCAAGGATGTTTTCA,0,5,2,0,3,8,0,0,0,0,0,0,0,0,0,0,0,7,0,7,0,0,0,0,1,16,8,0,0,0,7,6,16,0,0,10,0,26,0,5,0,0,14,0,0,0,0,0,0,0,0,0,0,0,0,0,0,2
AGCTCCAATAGCGTATATTAAAGTTGTTGCGGTTAAAAAGCTCGTAGTTGGATTTCTGCTGAGGACGACCGGTCCGCCCTCTGGGTGAGTATCTGGTTCGGCCTTGGCATCTTCTTGGAGAACGTAACTGCACTTGACTGTGTGGTGCGATATTCAAGACTTTTACTTTGAGGAAATTAGAATGTTTCAAGCAGGCGCATGCCTTGTATACATTAGCATGGAATAATAAGATAGGACCTTGGTTCTATTTTGTTGGTTTCTAGAGCTGAGGTAATGATTAATAGGGATAGTTGGGGGCATTCGTATTTAACTGTCAGAGGTGAAATTCTTGGATTTGTTAAAGACGGACTACTGCGAAAGCATTTGCCAAGGATGTTTTCA,0,6,5,7,8,12,4,0,0,0,0,0,0,0,0,0,8,0,0,0,0,0,0,27,0,10,0,0,0,0,0,11,0,3,0,12,0,11,0,8,0,0,7,0,4,0,0,0,0,0,0,0,0,0,12,0,0,4
AGCTCCAATAGCGTATATTAAAGTTGTTGCGGTTAAAAAGCTCGTAGTTGGATTTCTGCCGAGGACGACCGGTCCGCCCTCTGGGTGAGTATCTGGCTCGGCCTTTGCATCTTCTTGGAGAACGCAACTGCACTTGACTGTGTGGTGCGGTATTCAAGACTTTTACTTTGAGGAAATTAGAGTGTTTCAAGCAGGCGCACGCCTTGAATACATTAGCATGGAATAATAAGATAGGACCTTGGTTCTATTTTGTTGGTTTCTAGAGCTGAGGTAATGATTAATAGGGATAGTTGGGGGCATTCGTATTTAACTGTCAGAGGTGAAATTCTTGGATTTGTTAAAGACGGACTACTGCGAAAGCATTTGCCAAGGATGTTTTCA,0,0,0,0,0,0,0,0,0,0,0,0,0,0,0,0,0,0,0,0,0,0,0,0,0,0,0,0,0,0,0,0,0,0,0,0,0,0,0,0,0,0,0,0,0,0,0,0,0,0,0,0,0,0,0,0,0,7
AGCTCCAATAGCGTATATTAAAGTTGTTGCGGTTAAAAAGCTCGTAGTTGGATTTCTGCCGAGGACGACCGGTCCGCCCTCTGGGTGAGTATCTGGCTCGGCCTTGGCATCTTCTTGGAGAACGCAACTGCACTTGACTGTGTGGTGCGGTATTCAAGACTTTTACTTTGAGGAAATTAGAGTGTTTCAAGCAGGCGCACGCCTTGAATACATTAGCATGGAATAATAAGATAGGACCTTGGTTCTATTTTGTTGGTTTCTAGAACTGAGGTAATGATTAATAGGGATAGTTGGGGGCATTCGTATTTAACTGTCAGAGGTGAAATTCTTGGATTTGTTAAAGACGGACTACTGCGAAAGCATTTGCCAAGGATGTTTTCA,0,0,0,0,0,0,0,0,0,0,0,0,0,0,0,0,0,0,0,0,0,0,0,0,0,0,0,0,0,0,0,0,0,0,0,0,0,0,0,0,0,5,0,0,0,0,0,0,0,0,0,0,0,0,0,0,0,0
AGCTCCAATAGCGTATATTAAAGTTGTTGCGGTTAAAAAGCTCGTAGTTGGATTTCTGCTGAGGACGACCGGTCCGCCCTCTGGGTGAGTATCTGGCTCGGCCTGGGCATCTTCTTGGAGAACGCAACTGCACTTGACTGTGTGGTGCGGTATCCAAGACTTTTACTTTGAGGAAATTAGAGTGTTTCAAGCAGGCACACGCCTTGAATACATTAGCATGGAATAATAAGATAGGACCTTGGTTCTATTTTGTTGGTTTCTAGAGCTGAGGTAATGATTAATAGGGATAGTTGGGGGCATTCGTATTTAACTGTCAGAGGTGAAATTCTTGGATTTGTTAAAGACGGACTACTGCGAAAGCATTTGCCAAGGATGTTTTCA,0,0,0,0,0,0,0,0,0,0,0,0,0,0,0,0,0,0,0,0,0,2,0,4.5,0,0,0,0,0,0,0,0,0,0,0,0,0,0,0,0,0,0,0,5,0,0,0,0,0,0,0,23,0,0,0,0,0,16
AGCTCCAATAGCGTATATTAAAGTTGTTGCGGTTAAAAAGCTCGTAGTTGGATTTCTGCTGAGGACGACCGGTCCGCCCTCTGGGTGAGTATCTGGCTCGGCCTTGGCATCTTCTTGGAGAACGTAACTGCACTTGACTGTGTGGTGCGGTATCCAGGACTTTTACTTTGAGGAAATTAGAGTGTTTCAAGCAGGCGCATGCCTTGAATACATTAGCATGGAATAATGAGATAGGACCTTGGTTCTATTTTGTTGGTTTCTAGAGCTGAGGTAATGATTAATAGGGATAGTTGGGGGCATTCGTATTTAACTGTCAGAGGTGAAATTCTTGGATTTGTTAAAGACGGACTACTGCGAAAGCATTTGCCAAGGATGTTTTCA,0,19,17,18,4,20,10,0,0,0,0,0,0,0,5,0,0,0,20,0,0,19,11,0,4,16,12,0,22,30,0,59,0,26,0,26,0,0,0,11,0,38,9,10,8,20,0,31,0,25,0,0,0,0,3,14,16,23
AGCTCCAATAGCGTATATTAAAGTTGTTGCGGTTAAAAAGCTCGTAGTTGGATTTCTGCTGAGGACGACCGGTCCGCCCTCTGGGTGAGTATTCGGCTCGGCCTTGGCATCTTCTTGGGGAACGTAACTGCACTTGACTGTGTGGTGCGGTATCCAGGACTTTTACTTTGAGGAAATTAGAGTGTTTCAAGCAGGCGCACGCCTTGAATACATTAGCATGGAATAATAAGATAGGACCTTGGTTCTATTTTGTTGGTTTCTAGAGCTGAGGTAATGATTAATAGGGATAGTTGGGGGCATTCGTATTTAACTGTCAGAGGTGAAATTCTTGGATTTGTTAAAGACGGACTACTGCGAAAGCATTTGCCAAGGATGTTTTCA,0,0,1,0,0,0,14,0,0,0,17,0,0,0,0,0,0,7,5,0,22,18,5,9.5,7,4,2,0,0,0,0,0,0,0,0,0,0,6,13,9,23,3,0,16,9,18,16,13,43,19,0,15,94,74,28,19,11,16
AGCTCCAATAGCGTATATTAAAGTTGTTGCGGTTAAAAAGCTCGTAGTTGGATTTCTGCTGAGGACGACTGGTCCGCCCTCTGGGTGAGTATTCAGCTCGGCCTTGGCATCCTCCTGGGGAACGTAACTGCACTTGACTGTGTGGTGCGGTATCCAGGACTTTTACTTTGAGGAAATTAGAGTGTTTCAAGCAGGCGCACGCCTTGAATACATTAGCATGGAATAATAAGATAGGACCTTGGTTCTATTTTGTTGGTTTCTAGAGCTGAGGTAATGATTAATAGGGATAGTTGGGGGCATTCGTATTTAACTGTCAGAGGTGAAATTCTTGGATTTGTTAAAGACGGACTACTGCGAAAGCATTTGCCAAGGATGTTTTCA,0,0,3,0,0,0,3,2,0,0,0,0,0,0,0,0,0,0,12,0,3,8,3,0,0,0,0,0,0,0,0,0,8,0,0,0,8,0,7,3,0,3,7,2,4,13,11,0,0,9,14,6,0,0,0,6,5,10
AGCTCCAATAGCGTATATTAAAGTTGTTGCGGTTAAAAAGCTCGTAGTTGGATTTCTGCTGAGGACGACTGGTCCGCCCTCTGGGTGAGTATTCAGCTCGGCCTTGGCATCTTCTTGGGGAACGTAACTGCACTTGACTGTGTGGTGCGGTATCCAGGACTTTTACTTTGAGGAAATTAGAGTGTTTCAAGCAGGCGCACGCCTTGAATACATTAGCATGGAATAATAAGATAGGACCTTGGTTCTATTTTGTTGGTTTCTAGAGCCGAGGTAATGATTAATAGGGATAGTTGGGGGCATTCGTATTTAACTGTCAGAGGTGAAATTCTTGGATTTGTTAAAGACGGACTACTGCGAAAGCATTTGCCAAGGATGTTTTCA,0,0,0,0,0,0,0,0,50,0,0,0,0,0,0,0,0,0,0,0,0,0,0,0,0,0,0,0,0,0,0,0,0,0,0,0,0,0,0,0,0,0,0,0,0,0,0,0,0,0,0,0,0,0,0,0,0,0
AGCTCCAATAGCGTATATTAAAGTTGTTGCGGTTAAAAAGCTCGTAGTTGGATTTCTGCTGAGGACGACCGGTCCGCCCTCTGGGTGAGTATTCGGCTCGGCCTTGGCATCCTCCTGGGGAACGTAACTGCACTTGACTGTGTGGTGCGGTATCCAGGACTTTTACTTTGAGGAAATTAGAGTGTTTCAAGCAGGCGCACGCCTTGAATACATTAGCATGGAATAATAAGATAGGACCTTGGTTCTATTTTGTTGGTTTCTAGAGCCGAGGTAATGATTAATAGGGATAGTTGGGGGCATTCGTATTTAACTGTCAGAGGTGAAATTCTTGGATTTGTTAAAGACGGACTACTGCGAAAGCATTTGCCAAGGATGTTTTCA,0,0,0,0,0,0,0,0,0,0,0,0,0,0,0,0,0,0,0,0,0,0,0,0,0,0,0,0,0,0,0,0,0,0,0,0,0,0,0,0,0,0,0,0,0,0,0,0,22,0,0,0,37,0,7,0,0,0
AGCTCCAATAGCGTATATTAAAGTTGTTGCGGTTAAAAAGCTCGTAGTTGGATTTCTGCTGAGGACGACCGGTCCGCCCTCTGGGTGAGTATCTGGCTCGGCCTTGGCATCTTCTTGGGGAACGTAACTGCACTTGACTGTGTGGTGCGGTATCCAGGACTTTTACTTTGAGGAAATTAGAGTGTTTCAAGCAGGCGCACGCCTTGAATACATTAGCATGGAATAATAAGATAGGACCTTGGTTCTATTTTGTTGGTTTCTAGAGCTGAGGTAATGATTAATAGGGATAGTTGGGGGCATTCGTATTTAACTGTCAGAGGTGAAATTCTTGGATTTGTTAAAGACGGACTACTGCGAAAGCATTTGCCAAGGATGTTTTCA,41,18,18,9,17,8,15,23,0,0,0,0,39,0,36,0,21,15,12,33,12,21,72,29.5,20,20,17,54,13,60,17,22,30,31,39,16,27,0,31,21,24,8,10,7,16,23,20,10,0,15,16,14,0,0,16,22,17,19
AGCTCCAATAGCGTATATTAAAGTTGTTGCGGTTAAAAAGCTCGTAGTTGGATTTCTGCTGAGGACGACCGGTCCGCCCCCTGGGTGTGCATCTGGCTCGGCCTTGGCATCTTCTTGGAGAACGTTACTGCACTTGACTGTGTGGTGCGGTATCCAGGACTTTTACTTTGAGGAAATTAGAGTGTTTCAAGCAGGCGCACGCCTTGAATACATTAGCATGGAATAATGAGATAGGACCTTGGTTCTATTTTGTTGGTTTCTAGAGCTGAGGTAATGATTAATAGGGATAGTTGGGGGCATTCGTATTTAACTGTCAGAGGTGAAATTCTTGGATTTGTTAAAGACGGACTACTGCGAAAGCATTTGCCAAGGATGTTTTCA,0,14,7,8,2,4,16,0,0,0,2,0,5,0,12,0,12,6,8,2,5,2,11,0,0,0,9,0,0,0,8,4,1,14,3,10,0,1,1,2,0,3,15,2,25,0,5,0,0,0,5,0,0,0,16,0,21,1
AGCTCCAATAGCGTATATTAAAGTTGTTGCGGTTAAAAAGCTCGTAGTTGGATTTCTGCTGAGGACGACCGGTCCGCCCCCTGGGTGTGCATCTGGCTCGGCCTTGGCATCTTCTTGGAGAACGTTACTGCACTTGATTGTGTGGTGCGGTATCCAGGACTTTTACTTTGAGGAAATTAGAGTGTTTCAAGCAGGCTTCCGCCTTGAATACATTAGCATGGAATAATGAGATAGGACCTTGGTTCTATTTTGTTGGTTTCTAGAGCTGAGGTAATGATTAATAGGGATAGTTGGGGCCATTCGTATTTAACTGTCAGAGGTGAAATTCTTGGATTTGTTAAAGACGGACTACTGCGAAAGCATTTGCCAAGGATGTTTTCA,0,0,0,0,0,0,0,0,0,0,0,0,0,0,0,0,0,0,0,0,0,0,0,0,0,0,0,5,0,0,0,0,0,0,0,0,0,0,0,0,0,0,0,0,0,0,0,0,0,0,0,0,0,0,0,0,0,0
AGCTCCAATAGCGTATATTAAAGTTGTTGCGGTTAAAAAGCTCGTAGTTGGATTTCTGCTGAGGACGACCGGTCCGCCCCCTGGGTGTGCATCTGGCTCGGCCTTGGCATCTTCTTGGAGAACGTTACTGCACTTGATTGTGTGGTGCGGTATCCAGGACTTTTACTTTGAGGAAATTAGAGTGTTTCAAGCAGGCTTCCGCCTTGAATACATTAGCATGGAATAATGAGATAGGACCTTGGTTCTATTTTGTTGGTTTCTAGAGCTGAGGTAATGATTAATAGGGATAGTTGGGGACATTCGTATTTAACTGTCAGAGGTGCAATTCTTGGATTTGTTAAAGACGGACTACTGCGAAAGCATTTGCCAAGGATGTTTTCA,0,0,0,0,0,0,0,0,0,0,0,0,0,0,0,0,0,0,0,0,0,0,0,0,0,0,0,0,0,0,0,0,0,0,3,0,0,0,0,0,0,0,0,0,0,0,0,0,0,0,0,0,0,0,0,0,0,0
AGCTCCAATAGCGTATATTAAAGTTGTTGCGGTTAAAAAGCTCGTAGTTGGATTTCTGCTGAGGACGACCGGTCCGCCCCCTGGGTGTGCATCTGGCTCGGCCTTGGCATCTTCTTGGAGAACGTTACTGCACTTGATTGTGTGGTGCGGTATCCAGGACTTTTACTTTGAGGAAATTAGAGTGTTTCAAGCAGGCTTCCGCCTTGAATACATTAGCATGGAATAATGAGATAGGACCTTGGTTCTATTTTGTTGGTTTCTAGAGCTGAGGTAATGATTAATAGGGATAGTTGGGGGCATTCGTATTTAACTGTCAGAGGTGAAATTCTTGGATTTGTTAAAGACGGACTACTGCGAAAGCATTTGCCAAGGATGTTTTCA,0,0,0,0,0,0,0,0,0,0,0,0,0,0,0,0,0,0,0,0,0,0,0,0,0,0,1,0,0,0,1,0,0,0,0,0,0,0,0,5,0,0,0,0,0,0,0,0,0,0,0,0,0,0,0,0,3,0
AGCTCCAATAGCGTATATTAAAGTTGTTGCGGTTAAAAAGCTCGTAGTTGGATTTCTGCCGAGGACGACCGGTCCGCTTTCTGGGTGAGTATCTGGCTCTTCCTTGGCATCTTCTTGGAGAACACTACTGCACTTAACTGTGTGGTGTGGTAACCAGGACTTTTACTTTGAGGAAATTAGAGTGTTTCAAGCAGGCGTGCGCCTTGAATACATTAGCATGGAATAATAAGATAGGACCTTAGTTCTATTTTGTTGGTTTCTAGAGCTGGGGTAAAGATTAATAGGGATAGTTGGGGGCATTCGTATTTAACTGTCAGAGGTGAAATTCTTGGATTTGTTAAAGACGGACTACTGCGAAAGCATTTGCCAAGGATGTTTTCA,0,0,0,0,0,0,0,0,0,0,0,0,0,0,0,0,0,0,0,0,0,0,0,0,0,0,0,0,0,0,0,0,0,1,0,0,0,0,0,0,0,0,0,0,0,1,0,0,0,0,0,0,0,0,0,0,0,0
AGCTCCAATAGCGTATATTAAAGTTGTTGCGGTTAAAAAGCTCGTAGTTGGATTTCTGCCGAGGACGACCGGTCCGCCTCCTGGGTGAGTATCTGGCTCGACCTTGGCATCTTCTTGGAGAACGCTACTGTACTTAACTGTATGGTGCGGTAACCAGGACTTTTACTTTGAGGAAATTAGAGTGTTTCAAGCAGGCGTGCGCCTTGAATACATTAGCATGGAATAATAAGATAGGACCTTAGTTCTATTTTGTTGGTTTCTAGAGCTGGGGTAAAGATTAATAGGGATAGTTGGGGGCATTCGTATTTAACTGTCAGAGGTGAAATTCTTGGATTTGTTAAAGACGGACTACTGCGAAAGCATTTGCCAAGGATGTTTTCA,0,0,0,0,0,0,0,0,0,0,0,0,0,0,0,0,0,0,0,0,0,0,0,0,0,0,0,0,0,0,0,0,0,0,0,0,0,0,0,0,0,0,0,0,0,1,0,0,0,0,0,0,0,0,0,0,0,0
AGCTCCAATAGCGTATATTAAAGTTGTTGCGGTTAAAAAGCTCGTAGTTGGATTTCTGCTGAGGACGACCGGTCCGCCTCCTGGGTGAGTATCTGGCTCAGCCTTGGCATCTTCTTGGAGAACGCTACTGCACTTGACTGTGTGGTGCGGTAACCAGGACTTTTACTTTGAGGAAATTAGAGTGTTTCAAGCAGGCGTGCGCCTTGAATACATTAGCATGGAATAATAAGATAGGACCTTAGTTCTATTTTGTTGGTTTCTAGAGCTGGGGTAAAGATTAATAGGGATAGTTGGGGGCATTCGTATTTAACTGTCAGAGGTGAAATTCTTGGATTTGTTAAAGACGGACTACTGCGAAAGCATTTGCCAAGGATGTTTTCA,0,0,3,0,0,0,0,0,0,0,0,0,0,13,0,0,0,0,0,0,0,0,0,0,0,0,2,0,0,0,0,0,0,0,0,0,0,0,0,0,0,0,0,0,0,3,0,1,0,0,0,0,0,0,1,0,0,5
AGCTCCAATAGCGTATATTAAAGTTGTTGCGGTTAAAAAGCTCGTAGTTGGATTTCTGCTGAGGACGACCGGTCCGCCCACTGGGTGAGTATCTGGCTCGGCCTTGGCATCTTCTTGGAGAACGTATCTGCACTTCATTGTGTGGTGCGGTAACCAGGACCTTTACTTTGAGGAAATTAGAGTGTTTCAAGCAGGCGTGCGCCTTGAATACATTAGCATGGAATAATAAGATAGGACCTTAGTTCTATTTTGTTGGTTTCTAGAGCTGGGGTAAAGATTAATAGGGATAGTTGGGGGCATTCGTATTTAACTGTCAGAGGTGAAATTCTTGGATTTGTTAAAGACGGACTACTGCGAAAGCATTTGCCAAGGATGTTTTCA,0,0,0,0,0,0,0,0,0,0,0,0,0,0,0,0,0,0,0,6,0,0,0,0,0,0,0,0,0,0,0,0,0,0,0,0,0,0,0,5,0,0,0,0,0,0,0,0,0,0,0,0,0,0,0,0,0,0
AGCTCCAATAGCGTATATTAAAGTTGTTGCGGTTAAAAAGCTCGTAGTTGGATTTCTGCCGAGAACGACCGGTCCGCCCACTGGGTGAGTATCTGGCTCGGTCTTGGCATCTTCTTGGAGAACGTATCTGCACTTCATTGTGTGGTGCGGTAACCAGGACCTTTACTTTGAGGAAATTAGAGTGTTTCAAGCAGGCGTGCGCCTTGAATACATTAGCATGGAATAATAAGATAGGACCTTAGTTCTATTTTGTTGGTTTCTAGAGCTGGGGTAAAGATTAATAGGGATAGTTGGGGGCATTCGTATTTAACTGTCAGAGGTGAAATTCTTGGATTTGTTAAAGACGGACTACTGCGAAAGCATTTGCCAAGGATGTTTTCA,0,1,0,0,0,0,0,0,0,0,0,0,0,0,0,0,0,0,0,0,0,0,0,0,0,0,0,0,0,1,0,0,0,0,0,0,0,0,0,0,0,0,0,0,0,0,0,0,0,0,0,0,0,0,0,0,0,0
GCTCCAATAGCGTATATTAAAGTTGTTGCGGTTAAAAAGCTCGTAGTTGGATTTCTGCTGAGGACGACCGGTCCGCCCACTGGGTGAGCATCTGGCTCGGCCTTGGCATCTTCTTGGAGAACGTATCTGCGCTCCATTGTGTGGTGCGGTAACCAGGACCTTTACTTTGAGGAAATTAGAGTGTTTCAAGCAGGCGCAAGCCTTGAATACATTAGCATGGAATAATAAGATAGGACCTTAGTTCTATTTTGTTGGTTTCTAGAGCTGGGGTAAAGATTAATAGGGATAGTTGGGGGCATTCGTATTTAACTGTCAGAGGTGAAATTCTTGGATTTGTTAAAGACGGACTACTGCGAAAGCATTTGCCAAGGATGTTTTCA,0,0,0,0,0,0,0,0,0,0,0,0,0,0,0,0,0,0,0,0,0,0,0,0,0,0,0,0,0,0,0,0,0,0,2,0,0,0,0,0,0,0,0,0,0,0,0,0,0,0,0,0,0,0,0,0,0,0
AGCTCCAATAGCGTATATTAAAGTTGTTGCGGTTAAAAAGCTCGTAGTTGGATTTCTGCTGAGGACGACCGGTCCGCCCTCTGGGTGAGTATCTGGCTCGGCCTTGGCATCTTCTTGGAGAACGTTACTGCACTTGACTGTGTGGTGCGGTATCCAGGACTTTTACTTTGAGGAAATTAGAGTGTTTCAAGCAGGCATACGCCTTGAATACATTAGCATGGAATAATAAGATAGGACCTTGGTTCTATTTTGTTGGTTTCTAGAGCTGAGGTAATGATTAATAGGGATAGTTGGGGGCATTCGTATTTAACTGTCAGAGGTGAAATTCTTGGATTTGTTAAAGACGGACTACTGCGAAAGCATTTGCCAAGGATGTTTTCA,0,0,0,0,0,0,0,0,0,0,0,0,0,0,0,0,0,0,0,0,0,0,0,0,0,3,0,0,0,0,0,10,0,0,0,0,0,0,0,0,0,0,0,0,0,0,0,0,0,0,0,0,0,0,0,0,0,0
AGCTCCAATAGCGTATATTAAAGTTGTTGCGGTTAAAAAGCTCGTAGTTGGATTTCTGCTGAGGACGACCGGTCCGCCCTCTGGGTGAGCATCTGGCTCGGCCTTGGCATCTTCTTGGAGAACGTTACTGCACTTGACTGTGTGGTGCGGTATCCAGGACTTTTACTTTGAGGAAATTAGAGTGTTTCAAGCAGGCATACGCCTTGAATACATTAGCATGGAATAATAAGATAGGACCTTGGTTCTATTTTGTTGGTTTCTAGAGCTGAGGTAATGATTAATAGGGATAGTTGGGGGCATTCGTATTTAACTGTCAGAGGTGAAATTCTTGGATTTGTTAAAGACGGACTACTGCGAAAGCATTTGCCAAGGATGTTTTCA,0,0,0,0,0,0,0,0,0,0,0,0,0,0,0,0,0,0,0,0,0,0,0,0,0,0,0,0,0,0,0,0,0,0,0,0,3,0,0,0,0,0,0,0,0,0,0,0,0,0,0,0,0,0,0,0,0,0
AGCTCCAATAGCGTATATTAAAGTTGTTGCGGTTAAAAAGCTCGTAGTTGGATTTCTGCTGAGGACGACCGGTCCGCCCTCTGGGTGAGCATCTGGCTCGGCCTTGGCATCCTCTTGGAGAACGTTACTGCACTTGACTGTGTGGTGCGGTATCCAGGACTTTTACTTTGAGGAAATTAGAGTGTTTCAAGCAGGCGCACGCCTTGAATACATTAGCATGGAATAATAAGATAGGACCTTGGTTCTATTTTGTTGGTTTCTAGAGCTGAGGTAATGATTAATAGGGATAGTTGGGGGCATTCGTATTTAACTGTCAGAGGTGAAATTCTTGGATTTGTTAAAGACGGACTACTGCGAAAGCATTTGCCAAGGATGTTTTCA,0,0,0,0,0,0,0,0,0,0,0,0,0,0,0,0,0,0,0,1,0,0,0,0,0,0,0,0,0,0,0,0,0,0,0,0,0,0,0,0,0,0,0,0,0,0,0,0,0,0,0,0,0,0,0,0,0,0
AGCTCCAATAGCGTATATTAAAGTTGTTGCGGTTAAAAAGCTCGTAGTTGGATTTCTGCTGAGGACGATCGGTCCGCCCTCTGGGTGAGTATCTGGTTCGGCCTTGGCATCTTCTTGGAGAACGTTACTGCACTTGACTGTGTGGTGCGGTATCCAGGACTTTTACTTTGAGGAAATTAGAGTGTTTCAAGCAGGCGCACGCCTTGAATACATTAGCATGGAATAATAAGATAGGACCTTGGTTCTATTTTGTTGGTTTCTAGAGCTGAGGTAATGATTAATAGGGATAGTTGGGGGCATTCGTATTTAACTGTCAGAGGTGAAATTCTTGGATTTGTTAAAGACGGACTACTGCGAAAGCATTTGCCAAGGATGTTTTCA,12,0,0,0,1,0,17,0,0,0,23,0,2,0,0,0,0,0,12,0,0,4,7,0,0,0,0,0,0,0,0,0,0,0,0,0,0,0,0,9,0,4,0,0,0,0,12,0,47,0,0,0,65,0,2,6,2,0
AGCTCCAATAGCGTATATTAAAGTTGTTGCGGTTAAAAAGCTCGTAGTTGGATTTCTGCTGAGGACGATCGGTCCGCCCACTGGGTGAGTATCTGGTTCGGCCTTGGCATCTTCTTGGAGAACGTTACTGCACTTGACTGTGTGGTGCGGTATCCAGGACTTTTACTTTGAGGAAATTAGAGTGTTTCAAGCAGGCGCACGCCTTGAATACATTAGCATGGAATAATAAGATAGGACCTTGGTTCTATTTTGTTGGTTTCTAGAGCTGAGGTAATGATTAATAGGGATAGTTGGGGGCATTCGTATTTAACTGTCAGAGGTGAAATTCTTGGATTTGTTAAAGACGGACTACTGCGAAAGCATTTGCCAAGGATGTTTTCA,0,0,0,0,0,0,0,0,0,0,0,0,0,0,0,0,0,0,0,0,0,0,0,0,0,0,0,0,0,0,0,0,0,0,0,0,0,0,0,0,0,0,0,0,0,0,0,0,0,0,8,0,41,0,0,0,0,0
AGCTCCAATAGCGTATATTAAAGTTGTTGCGGTTAAAAAGCTCGTAGTTGGATTTCTGCTGAGGACGATCGGTCCGCCCTCTGGGTGAGCATTGACTCGGCCTTGGCATCTTCTTGGAGAACGCTACTGCACTTGACTGTGTGGTGCGGTATCCAGGACATTTACTTTGAGGAAATTAGAGTGTTTCAAGCAGGCGCACGCCTTGAATACATTAGCATGGAATAATAAGATAAGACCTTGGTCCTATTTTGTTGGTTTCTAGAGCTGAGGTAATGATTAATAGGGATAGTTGGGGGCATTCGTATTTAACTGTCAGAGGTGAAATTCTTGGATTTGTTAAAGACGGACTACTGCGAAAGCATTTGCCAAGGATGTTTTCA,0,0,2,0,3,0,12,0,11,0,32,0,0,0,0,0,0,0,15,0,0,0,0,0,14,0,0,0,0,0,2,0,16,0,0,0,4,0,11,3,10,0,9,0,0,0,15,0,37,0,0,0,10,0,21,0,0,0
AGCTCCAATAGCGTATATTAAAGTTGTTGCGGTTAAAAAGCTCGTAGTTGGATTTCTGCTGAGGACGATCGGTCCGCCCTCTGGGTGAGCATTGACTCGGCCTTGGCATCTTCTTGGAGAGCGCTACTGCACTTGACTGTGTGGTGTGGTATCCAGGACATTTACTTTGAGGAAATTAGAGTGTTTCAAGCAGGCGCACGCCTTGAATACATTAGCATGGAATAATAAGATAGGACCTTGGTTCTATTTTGTTGGTTTCTAGAGCTGAGGTAATGATTAATAGGGATAGTTGGGGGCATTCGTATTTAACTGTCAGAGGTGAAATTCTTGGATTTGTTAAAGACGGACTACTGCGAAAGCATTTGCCAAGGATGTTTTCA,0,0,0,0,0,0,0,0,0,0,0,0,0,0,0,0,0,0,0,3,0,0,0,1.5,0,0,0,0,0,0,0,0,0,0,0,0,0,0,0,0,0,0,0,0,0,0,0,0,0,0,0,0,0,10,0,0,0,1
AGCTCCAATAGCGTATATTAAAGTTGTTGCGGTTAAAAAGCTCGTAGTTGGATTTCTGCTGAGGACGATCGGTCCGCCCTCTGGGTGAGCATTGACTCGGCCTTGGCATCTTCTTGGAGAACGCTACTGCACTTGACTGTGTGGTGCGGTATCCAGGACTTTTACTTTGAGGAAATTAGAGTGTTTCAAGCAGGCGCACGCCTTGAATACATTAGCATGGAATAATAAGATAGGACCTTGGTTCTATTTTGTTGGTTTCTAGAGCTGAGGTAATGATTAATAGGGATAGTTGGGGGCATTCGTATTTAACTGTCAGAGGTGAAATTCTTGGATTTGTTAAAGACGGACTACTGCGAAAGCATTTGCCAAGGATGTTTTCA,9,23,10,18,8,10,12,7,0,0,0,0,29,0,17,0,26,19,16,25,24,4,22,4,19,21,8,10,16,15,13,13,14,9,7,22,13,8,11,16,0,12,0,4,39,26,11,9,0,16,40,20,10,4,20,16,27,7
AGCTCCAATAGCGTATATTAAAGTTGTTGCGGTTAAAAAGCTCGTAGTTGGATTTCTGCTGAGGACGATCGGTCCGCCCTCTGGGTGAGCATTGATTCGGCCTTGGCATCTTCTTGGAGAACGCTACTGCACTTGACTGTGTGGTGCGGTATCCAGGACTTTTACTTTGAGGAAATTAGAGTGTTTCAAGCAGGCGCACGCCTTGAATACATTAGCATGGAATAATAAGATAGGACCTTGGTTCTATTTTGTTGGTTTCTAGAGCTGAGGTAATGATTAATAGGGATAGTTGGGGGCATTCGTATTTAACTGTCAGAGGTGAAATTCTTGGATTTGTTAAAGACGGACTACTGCGAAAGCATTTGCCAAGGATGTTTTCA,0,0,0,0,0,0,0,0,0,0,0,0,0,0,0,0,0,0,0,0,0,0,0,0,0,0,0,0,0,0,0,0,0,0,0,0,0,0,8,0,0,0,0,0,0,0,0,0,9,0,0,0,0,0,0,0,0,0
AGCTCCAATAGCGTATATTAAAGTTGTTGCGGTTAAAAAGCTCGTAGTTGGATTTCTGCTGAGGACGATCGGTCCGCCCTCTGGGTGAGCATTGACTCGGCCTTGGCATCTTTCTGGAGAACGCTACTGCACTTGACTGTGTGGTGCGGTATCCAGGACTTTTACTTTGAGGAAATTAGAGTGTTTCAAGCAGGCGCACGCCTTGAATACATTAGCATGGAATAATAAGATAGGACCTTGGTTCTATTTTGTTGGTTTCTAGAGCTGAGGTAATGATTAATAGGGATAGTTGGGGGCATTCGTATTTAACTGTCAGAGGTGAAATTCTTGGATTTGTTAAAGACGGACTACTGCGAAAGCATTTGCCAAGGATGTTTTCA,0,0,0,0,0,0,12,0,0,0,0,0,11,0,11,0,0,0,0,0,34,0,7,0,0,0,0,19,0,0,0,0,0,0,0,0,0,3,12,4,0,0,6,0,0,0,11,0,94,0,0,0,39,0,5,0,0,0
AGCTCCAATAGCGTATATTAAAGTTGTTGCGGTTAAAAAGCTCGTAGTTGGATTTCTGCTGAGGACGATCGGTCCGCCCTCTGGGTGAGCATTGATTCGGCCTTGGCATCTTTCTGGAGAACGCTACTGCACTTGACTGTGTGGTGCGGTATCCAGGACTTTTACTTTGAGGAAATTAGAGTGTTTCAAGCAGGCGCACGCCTTGAATACATTAGCATGGAATAATAAGATAGGACCTTGGTTCTATTTTGTTGGTTTCTAGAGCTGAGGTAATGATTAATAGGGATAGTTGGGGGCATTCGTATTTAACTGTCAGAGGTGAAATTCTTGGATTTGTTAAAGACGGACTACTGCGAAAGCATTTGCCAAGGATGTTTTCA,6,0,0,0,0,0,0,0,0,0,0,0,0,0,0,0,9,0,0,0,0,5,0,0,25,0,0,0,0,0,0,0,0,0,0,0,0,0,0,0,0,4,0,5,0,13,0,9,0,20,0,0,0,0,0,47,0,4
AGCTCCAATAGCGTATATTAAAGTTGTTGCGGTTAAAAAGCTCGTAGTTGGATTTCTGCTGAGGACGATCGGTCCGCCCTCTGGGTGAGTATTGACTCGGCCTTGGCATCTTTCTGGAGAACGCTACTGCACTTGACTGTGTGGTGCGGTATCCAGGACTTTTACTTTGAGGAAATTAGAGTGTTTCAAGCAGGCGCACGCCTTGAATACATTAGCATGGAATAATAAGATAGGACCTTGGTTCTATTTTGTTGGTTTCTAGAGCTGAGGTAATGATTAATAGGGATAGTTGGGGGCATTCGTATTTAACTGTCAGAGGTGAAATTCTTGGATTTGTTAAAGACGGACTACTGCGAAAGCATTTGCCAAGGATGTTTTCA,0,0,0,0,1,0,0,0,0,0,0,0,0,0,0,0,0,0,0,0,0,0,0,0,0,7,0,0,5,0,0,0,0,0,0,0,0,0,0,0,30,0,0,0,0,0,0,0,0,0,0,0,0,0,0,0,0,0
AGCTCCAATAGCGTATACTAAAGTTGTTGCGGTTAAAAAGCTCGTAGTTGGATTTCTGCTGAGGACGATCGGTCCGCCCACTGGGTGAGTATCTGGTTCGGCCTTGGCATCTTCTTGGAGAACGTTACTGCACTTGACTGTGTGGTGCGGTATCCAGGACTTTTACTTTGAGGAAATTAGAGTGTTTCAAGCAGGCGCACGCCTTGAATACATTAGCATGGAATAATAGCACAGGACTCTTGGTTCAATGCTGTTGGTTAATTGAACTAGAGTAATCACAATAAGGATAGTTGGGGGTATTCGTATTTAACTGTCAGAGGTGAAATTCTTGGATTTTTTAAAGACGAACAATTGCGAAGGCATCTACCCAGGATGTTTTTG,0,0,0,0,0,0,0,0,0,0,0,0,0,0,0,0,0,0,0,2,0,0,0,0,0,0,0,0,0,0,0,0,0,0,0,0,0,0,0,0,0,0,0,0,0,0,0,0,0,0,0,0,0,0,0,0,0,0
AGCTCCAATAGCGTATATTAAAGTTGTTGCAGTTAAAAAGCTCGTAGTTGGATTTCTGCTGAGGACGATCGGTCCGCCCACTGGGTGAGTATCTGGCTCGGCCTTGGCATCTTCTTGGAGAACGTTGCTGCACTTGACTGTGTGGCGCGGTATCCAGGACTTTTACTTTGAGGAAATTAGAGTGTTTCAAGCAGGCGCACGCCTTGAATACATTAGCATGGAATAATAAGATAGGACCTTGGTTCTATTTTGTTGGTTTCTAGAGCTGAGGTAATGATTAATAGGGATAGTTGGGGGCATTCGTATTTAACTGTCAGAGGTGAAATTCTTGGATTTGTTAAAGACGGACTACTGCGAAAGCATTTGCCAAGGATGTTTTCA,0,0,0,0,0,0,0,0,0,0,0,0,0,0,0,0,0,0,0,0,0,0,0,0,0,0,0,0,0,0,0,0,0,0,0,0,0,0,0,0,0,0,0,0,0,0,0,0,0,0,0,0,0,0,4,0,0,0
AGCTCCAATAGCGTATATTAAAGTTGTTGCAGTTAAAAAGCTCGTAGTTGGATTTCTGCTGAGGACGATCGGTCCGCCCACTGGGTGAGTATCTGGCTCGGCCTTGGCATCTTCTTGGAGAACGTTGCTGCACTTGACTGTGTGGCGCGGTATCCAGGACTTTTACTTTGAGGAAATTAGAGTGTTTCAAGCAGGCGCACGCCTTGAATACATTAGCATGGAATAATGAGATAGGACCTTGGTTCTATTTTGTTGGTTTCTAGAGCTGAGGTAATGATTAATAGGGATAGTTGGGGGCATTCGTATTTAACTGTCAGAGGTGAAATTCTTGGATTTGTTAAAGACGGACTACTGCGAAAGCATTTGCCAAGGATGTTTTCA,0,0,0,0,0,0,0,0,0,0,0,0,0,0,0,0,0,0,0,0,0,0,0,0,0,0,0,0,0,0,0,0,0,0,0,4,0,0,0,0,0,0,0,0,0,0,0,0,0,0,0,0,0,0,0,0,0,0
AGCTCCAATAGCGTATATTAAAGTTGTTGCAGTTAAAAAGCTCGTAGTTGGATTTCTGCTGAGGACGATCGGTCCGCCCACTGGGTGAGTATCTGGCTCGGCCTTGGCATCTTCTTGGAGAACGTTGCTGCACTTGACTGTGTGGCGCGGTATCCAGGACTTTTACTTTGAGGAAATTAGAGTGTTTCAAGCAGGCGCACGCCTTGAATACATTAGCATGGAATAATAAGATAGGACCTCGGTTCTATTTTGTTGGTTTCTAGAGCTGAGGTAATGATTAATAGGGATAGTTGGGGGCATTCGTATTTAACTGTCAGAGGTGAAATTCTTGGATTTGTTAAAGACGGACTACTGCGAAAGCATTTGCCAAGGATGTTTTCA,0,0,0,0,0,0,0,0,0,0,0,0,0,0,0,0,0,0,0,0,0,0,0,0,0,0,0,0,0,0,0,0,0,0,0,0,0,0,2,0,0,0,0,0,0,0,0,0,3,0,0,0,0,0,0,0,0,0
AGCTCCAATAGCGTATATTAAAGTTGTTGCAGTTAAAAAGCTCGTAGTTGGATTTCTGCTGAGGACGATCGGTCCGCCCACTGGGTGAGTATCTGGCTCGGCCTTGGCATCTTCTTGGAGAACGTTTCTGCACTTGACTGTGTGGTGCGGTATCCAGGACTTTTACTTTGAGGAAATTAGAGTGTTTCAAGCAGGCGCACGCCTTGAATACATTAGCATGGAATAATGAGATAGGACCTTGGTTCTATTTTGTTGGTTTCTAGAGCTGAGGTAATGATTAATAGGGATAGTTGGGGGCATTCGTATTTAACTGTCAGAGGTGAAATTCTTGGATTTGTTAAAGACGGACTACTGCGAAAGCATTTGCCAAGGATGTTTTCA,0,0,0,0,0,3,0,0,0,0,0,0,0,0,0,0,0,0,0,0,0,0,0,0,0,0,0,0,0,0,0,0,0,0,0,0,0,0,0,0,6,0,0,0,0,0,6,0,0,0,0,0,0,0,67,0,0,0
AGCTCCAATAGCGTATATTAAAGTTGTTGCGGTTAAAAAGCTCGTAGTTGGATTTCTGCTGAGGACGATCGGTCCGCCCACTGGGTGAGTATCTGGCTCGGCCTTGGCATCTTCTTGGAGAACGTTGCTGCACTTGACTGTGTGGTGCGGTATCCAGGACTTTTACTTTGAGGAAATTAGAGTGTTTCAAGCAGGCGCACGCCTTGAATACATTAGCATGGAATAATAAGATAGGACCTTGGTTCTATTTTGTTGGTTTCTAGAGCTGAGGTAATGATTAATAGGGATAGTTGGGGGCATTCGTATTTAACTGTCAGAGGTGAAATTCTTGGATTTGTTAAAGACGGACTACTGCGAAAGCATTTGCCAAGGATGTTTTCA,0,0,0,0,0,0,0,0,0,0,0,0,0,0,0,0,0,0,0,0,0,0,0,0,0,0,0,0,0,0,0,0,0,0,0,0,0,0,0,0,0,0,0,2,0,0,0,0,0,0,0,0,0,0,0,0,0,0
AGCTCCAATAGCGTATATTAAAGTTGTTGCGGTTAAAAAGCTCGTAGTTGGATTTCTGCTGAGGACGATCGGTCCGCCCTCTGGGTGAGTATCTGGCTCGGCCTTGGCATCTTCTTGGAGAACGTTGCTGCACTTGACTGTGTGGTGCGGTATCCAGGACTTTTACTTTGAGGAAATTAGAGTGTTTCAAGCAGGCGCACGCCTTGAATACATTAGCATGGAATAATAAGATAGGACCTTGGTTCTATTTTGTTGGTTTCTAGAGCTGAGGTAATGATTAATAGGGATAGTTGGGGGCATTCGTATTTAACTGTCAGAGGTGAAATTCTTGGATTTGTTAAAGACGGACTACTGCGAAAGCATTTGCCAAGGATGTTTTCA,0,0,0,0,0,0,0,0,0,0,0,0,0,0,0,0,0,0,0,5,0,0,0,0,0,0,0,34,0,0,0,0,0,0,0,0,0,0,0,0,0,0,0,0,0,0,0,0,0,0,0,0,0,0,0,0,0,0
